NO,Gender,DateOfBirth,Race,FaEdu,MomEdu,FaexpEdu,CoexpEdu,Income,Grade,Level,Sportyear,ExpectEdu,a1,a2,a3,a4,a5,a6,a7,b1,b2,b3,b4,b5,b6,c1,c2,c3,c4,c5,c6,c7,c8,c9,c10,pl,al,ss,tr,blue,achievement,alienance
1,1,84,1,4,2,2,2,3,75,5,8,2,3,4,4,2,2,2,4,5,5,5,2,2,2,3,2,2,2,4,4,4,1,1,1,3.666666667,2.5,5,2,2.25,4,1
2,1,84,1,3,2,2,2,3,55,2,8,2,3,5,5,2,3,3,5,3,4,3,2,2,2,4,3,3,3,3,1,4,3,3,1,4.333333333,3.25,3.333333333,2,3.25,2.666666667,2.333333333
3,1,84,1,1,2,2,2,2,65,4,6,2,4,4,4,4,3,3,4,4,4,4,2,2,2,2,2,3,3,3,3,3,2,2,2,4,3.5,4,2,2.5,3,2
4,1,83,1,2,2,2,2,7,60,2,4,2,3,3,4,2,2,3,3,3,3,3,3,3,3,2,1,2,2,2,1,3,1,1,1,3.333333333,2.5,3,3,1.75,2,1
5,1,84,3,4,4,2,2,5,50,3,10,2,3,3,5,2,5,5,5,3,4,3,4,3,3,3,4,4,3,3,1,2,2,3,2,3.666666667,4.25,3.333333333,3.333333333,3.5,2,2.333333333
6,1,84,3,4,3,2,2,8,75,2,3,2,2,4,4,2,4,5,5,4,4,4,3,2,2,3,3,3,3,2,2,3,1,1,2,3.333333333,4,4,2.333333333,3,2.333333333,1.333333333
7,1,84,1,2,3,2,2,1,60,2,3,2,4,4,4,2,5,5,4,4,4,4,3,2,2,3,3,3,3,2,2,3,1,1,2,4,4,4,2.333333333,3,2.333333333,1.333333333
8,1,84,1,3,2,2,2,4,68,2,6,2,3,4,4,2,3,3,4,3,4,3,3,3,3,2,2,2,2,3,2,2,3,2,2,3.666666667,3,3.333333333,3,2,2.333333333,2.333333333
9,1,83,1,2,2,2,2,2,62,3,6,2,3,5,5,2,2,2,5,4,4,4,2,1,1,1,1,1,1,4,1,4,1,1,1,4.333333333,2.75,4,1.333333333,1,3,1
10,1,84,2,3,3,2,2,1,88,5,8,4,3,3,3,2,2,3,5,4,4,5,2,2,1,3,3,3,3,3,2,2,2,2,2,3,3,4.333333333,1.666666667,3,2.333333333,2
11,1,84,1,2,2,1,2,2,70,3,3,2,4,4,3,1,2,2,5,4,4,3,2,2,1,3,2,2,2,3,3,3,2,1,1,3.666666667,2.5,3.666666667,1.666666667,2.25,3,1.333333333
12,1,84,3,2,3,2,2,5,76,3,4,2,5,4,4,3,4,4,4,3,3,3,2,2,2,2,2,2,1,3,3,3,1,1,1,4.333333333,3.75,3,2,1.75,3,1
13,1,84,1,2,3,2,2,2,85,5,7,3,1,5,4,1,3,2,2,4,4,4,2,2,2,3,3,3,2,4,3,3,2,1,1,3.333333333,2,4,2,2.75,3.333333333,1.333333333
14,1,83,1,3,2,2,2,4,55,2,8,2,4,5,5,3,4,4,3,3,4,3,2,2,2,3,3,3,3,3,3,2,2,2,1,4.666666667,3.5,3.333333333,2,3,2.666666667,1.666666667
15,1,84,1,3,3,2,2,4,60,2,8,2,3,5,5,2,3,2,1,4,4,4,2,2,2,3,3,2,2,3,2,4,1,1,1,4.333333333,2,4,2,2.5,3,1
16,0,84,1,6,3,3,2,10,60,3,7,3,4,4,3,2,3,3,5,4,4,4,2,2,2,2,2,2,2,3,3,3,2,2,2,3.666666667,3.25,4,2,2,3,2
17,0,83,1,4,3,3,4,2,91,5,5,3,4,3,3,2,3,5,5,3,5,3,1,1,1,3,3,3,2,3,3,3,1,1,1,3.333333333,3.75,3.666666667,1,2.75,3,1
18,0,84,1,3,3,2,2,1,84,4,5,2,2,3,3,2,2,2,5,4,4,4,2,2,2,3,2,2,2,1,1,3,1,2,2,2.666666667,2.75,4,2,2.25,1.666666667,1.666666667
19,0,83,1,6,3,2,2,1,60,2,11,2,3,4,3,2,4,4,5,4,5,4,2,2,3,2,2,1,2,2,1,3,2,2,3,3.333333333,3.75,4.333333333,2.333333333,1.75,2,2.333333333
20,1,84,1,6,5,2,2,4,60,3,11,3,4,3,4,2,3,4,5,5,5,5,1,1,1,3,2,1,1,4,4,4,1,1,1,3.666666667,3.5,5,1,1.75,4,1
21,1,84,1,3,3,2,2,5,55,2,8,2,3,2,2,2,2,2,5,4,4,4,4,2,2,3,3,2,2,2,2,3,2,2,2,2.333333333,2.75,4,2.666666667,2.5,2.333333333,2
22,1,84,1,2,2,2,2,10,50,2,8,2,5,5,5,3,3,3,5,3,3,3,3,3,3,2,2,2,2,2,2,2,2,2,2,5,3.5,3,3,2,2,2
23,1,83,1,3,3,3,3,2,83,5,4,1,3,3,3,3,4,2,5,4,5,3,2,1,2,2,2,2,2,4,3,4,2,2,2,3,3.5,4,1.666666667,2,3.666666667,2
24,1,84,1,4,3,2,2,2,77,2,8,3,2,3,3,2,2,3,5,5,5,4,3,2,1,1,2,1,1,4,3,4,2,2,1,2.666666667,3,4.666666667,2,1.25,3.666666667,1.666666667
25,1,83,3,2,2,2,2,2,70,3,9,1,4,4,4,2,3,3,4,5,5,4,2,2,2,1,3,2,2,2,2,2,1,1,1,4,3,4.666666667,2,2,2,1
26,1,83,1,3,3,2,2,6,79,3,8,2,3,4,4,3,4,3,4,4,4,4,2,2,2,1,1,1,1,4,3,3,1,1,1,3.666666667,3.5,4,2,1,3.333333333,1
27,1,84,2,1,3,2,2,2,60,2,7,2,3,3,3,3,3,5,5,3,5,5,2,2,2,2,2,2,2,2,2,2,1,1,1,3,4,4.333333333,2,2,2,1
28,1,83,2,3,3,2,2,3,94.5,5,2,2,5,5,4,2,1,5,5,4,4,4,1,3,2,3,3,2,1,3,3,4,2,2,2,4.666666667,3.25,4,2,2.25,3.333333333,2
29,1,84,3,3,3,2,2,2,60,3,6,2,1,3,3,3,3,3,5,4,4,4,4,4,4,1,1,1,1,1,4,4,1,1,1,2.333333333,3.5,4,4,1,3,1
30,1,83,3,1,1,2,2,2,60,2,7,4,4,3,3,2,3,5,5,3,5,4,2,2,2,2,2,2,2,4,1,4,2,2,1,3.333333333,3.75,4,2,2,3,1.666666667
31,1,83,1,3,3,2,2,4,83,4,7,2,5,5,5,2,3,5,5,3,3,3,2,3,2,3,3,3,2,2,3,3,1,1,1,5,3.75,3,2.333333333,2.75,2.666666667,1
32,1,84,1,3,3,2,4,5,90,5,2,4,4,4,4,3,3,3,5,4,4,4,1,1,1,1,1,1,1,4,2,3,2,1,1,4,3.5,4,1,1,3,1.333333333
33,1,84,2,3,3,2,2,4,80,2,2,2,5,5,5,2,4,4,4,3,4,4,3,2,2,3,2,3,2,3,2,3,1,1,1,5,3.5,3.666666667,2.333333333,2.5,2.666666667,1
34,1,83,3,3,3,2,2,3,60,3,8,4,4,4,4,1,3,3,5,3,3,3,3,3,3,4,4,4,4,4,4,4,1,1,1,4,3,3,3,4,4,1
35,1,83,1,4,7,2,2,10,85,4,3,2,3,4,3,2,3,2,5,4,4,4,1,1,1,2,1,1,1,3,2,4,1,1,1,3.333333333,3,4,1,1.25,3,1
36,1,83,3,3,3,2,2,4,75,4,9,2,5,5,5,3,4,5,5,5,5,5,1,1,1,2,2,2,1,4,4,4,1,1,1,5,4.25,5,1,1.75,4,1
37,1,83,3,3,3,4,2,1,58,3,5,4,5,4,4,2,4,3,5,3,5,3,3,4,4,3,2,2,2,2,3,3,3,3,4,4.333333333,3.5,3.666666667,3.666666667,2.25,2.666666667,3.333333333
38,1,83,3,5,3,2,2,5,68,3,6,4,5,4,5,3,3,3,5,5,5,5,1,1,1,3,3,3,3,4,4,4,1,1,1,4.666666667,3.5,5,1,3,4,1
39,1,84,3,3,3,2,4,4,60,3,8,2,3,4,3,1,3,3,5,4,5,5,1,2,1,3,3,3,3,4,4,3,1,1,1,3.333333333,3,4.666666667,1.333333333,3,3.666666667,1
40,1,83,3,3,3,4,4,7,68,4,8,4,4,4,3,2,4,4,5,4,5,5,2,2,2,2,3,3,2,3,3,3,1,1,1,3.666666667,3.75,4.666666667,2,2.5,3,1
41,1,84,3,2,2,2,2,2,90,4,5,2,1,3,4,2,3,3,5,5,5,4,3,4,4,3,3,2,2,3,3,2,1,1,1,2.666666667,3.25,4.666666667,3.666666667,2.5,2.666666667,1
42,1,84,3,5,4,4,4,9,75,4,6,4,5,5,5,2,3,5,5,4,4,4,2,2,2,2,2,2,1,4,1,4,1,1,1,5,3.75,4,2,1.75,3,1
43,1,84,1,4,5,2,2,10,80,4,2,2,4,5,4,2,3,2,5,3,4,4,1,2,2,3,3,3,2,3,2,4,2,2,2,4.333333333,3,3.666666667,1.666666667,2.75,3,2
44,1,83,3,2,2,2,2,3,60,3,6,2,3,3,3,2,3,3,5,3,4,4,1,2,2,2,3,2,2,4,1,4,2,2,2,3,3.25,3.666666667,1.666666667,2.25,3,2
45,1,83,2,3,3,2,2,2,60,3,5,2,5,5,5,5,5,5,5,5,5,5,1,1,1,1,1,1,1,4,4,4,1,1,1,5,5,5,1,1,4,1
46,1,84,3,2,2,2,2,2,60,3,3,2,4,4,5,2,3,3,5,4,5,5,4,4,5,2,2,3,3,3,1,3,1,1,1,4.333333333,3.25,4.666666667,4.333333333,2.5,2.333333333,1
47,1,83,1,3,5,2,2,5,83,5,7,2,4,3,3,2,2,3,4,4,3,4,2,2,2,2,2,1,1,3,1,4,1,1,1,3.333333333,2.75,3.666666667,2,1.5,2.666666667,1
48,0,84,1,2,3,2,2,2,79.7,4,4,2,4,5,4,3,3,3,5,3,4,4,2,2,2,3,3,2,2,3,3,3,2,2,2,4.333333333,3.5,3.666666667,2,2.5,3,2
49,1,83,1,3,3,2,2,5,60,3,4,2,4,5,4,3,4,4,5,5,5,5,2,2,2,1,3,2,2,4,4,4,1,1,1,4.333333333,4,5,2,2,4,1
50,1,84,1,3,3,2,2,7,82,5,7,2,3,4,4,2,3,3,5,4,5,4,2,2,3,3,2,2,2,3,2,3,2,2,2,3.666666667,3.25,4.333333333,2.333333333,2.25,2.666666667,2
51,1,83,1,3,3,2,2,4,75,4,7,2,4,4,4,3,3,4,5,5,5,4,2,2,2,2,2,2,2,4,4,4,2,2,2,4,3.75,4.666666667,2,2,4,2
52,0,83,3,2,2,2,2,3,75,2,9,2,5,5,4,3,3,4,5,5,4,5,2,3,2,2,2,2,3,4,3,4,1,2,2,4.666666667,3.75,4.666666667,2.333333333,2.25,3.666666667,1.666666667
53,1,84,1,3,3,2,2,4,60,2,8,2,2,5,5,2,4,4,5,3,3,4,3,3,3,3,3,3,3,2,2,4,2,2,2,4,3.75,3.333333333,3,3,2.666666667,2
54,1,83,1,4,3,3,2,11,80,5,8,3,4,5,5,3,4,4,5,5,5,5,3,2,3,3,3,2,2,1,3,4,2,2,2,4.666666667,4,5,2.666666667,2.5,2.666666667,2
55,1,84,2,6,4,2,2,5,79,4,5,3,4,5,5,3,3,4,5,5,5,5,2,2,2,2,2,1,1,4,3,4,1,1,2,4.666666667,3.75,5,2,1.5,3.666666667,1.333333333
56,1,83,3,2,4,2,2,8,82,4,7,2,4,4,4,2,3,2,5,4,4,4,4,2,2,3,3,3,3,2,2,3,2,2,2,4,3,4,2.666666667,3,2.333333333,2
57,1,82,1,1,1,2,2,2,65,2,9,2,4,5,5,3,4,5,5,3,1,4,3,4,2,3,2,2,2,3,3,2,3,3,2,4.666666667,4.25,2.666666667,3,2.25,2.666666667,2.666666667
58,1,82,1,3,3,2,2,4,85,5,3,3,3,5,5,3,3,4,5,5,5,5,2,2,2,2,2,2,3,3,3,3,2,2,2,4.333333333,3.75,5,2,2.25,3,2
59,1,82,1,3,2,2,2,10,60,2,6,2,4,4,5,4,4,4,5,5,5,5,1,1,1,3,3,3,1,4,3,4,1,1,1,4.333333333,4.25,5,1,2.5,3.666666667,1
60,1,83,1,3,3,2,2,4,75,4,9,3,5,5,5,2,3,2,5,5,5,5,1,1,1,2,2,1,1,4,4,4,2,2,2,5,3,5,1,1.5,4,2
61,1,83,1,1,2,2,2,3,60,2,7,2,3,4,5,1,2,3,5,4,4,3,2,3,3,2,2,1,3,3,1,4,2,2,3,4,2.75,3.666666667,2.666666667,2,2.666666667,2.333333333
62,1,83,1,2,1,3,3,3,60,4,7,3,4,4,4,2,3,3,5,4,4,3,2,2,2,2,2,2,2,2,2,3,2,2,2,4,3.25,3.666666667,2,2,2.333333333,2
63,1,84,1,3,4,2,2,3,78,4,2,3,5,1,3,3,2,3,5,4,4,4,2,2,1,2,1,1,1,4,4,4,1,1,1,3,3.25,4,1.666666667,1.25,4,1
64,0,83,1,3,3,3,2,6,70,4,7,4,4,3,4,2,3,3,5,5,5,3,1,1,1,2,1,1,2,4,3,4,2,1,1,3.666666667,3.25,4.333333333,1,1.5,3.666666667,1.333333333
65,0,84,1,3,3,2,2,4,55,3,6,2,4,4,4,3,3,3,5,4,4,4,2,2,2,2,2,1,2,4,2,4,1,1,1,4,3.5,4,2,1.75,3.333333333,1
66,1,84,1,2,3,2,3,10,41,3,5,4,5,5,5,3,3,4,3,5,5,5,1,1,1,2,1,1,1,4,4,4,1,1,3,5,3.25,5,1,1.25,4,1.666666667
67,0,83,1,5,5,2,2,2,55,3,3,2,3,4,3,4,4,4,3,5,5,5,2,2,2,2,3,2,3,2,2,3,2,2,3,3.333333333,3.75,5,2,2.5,2.333333333,2.333333333
68,1,83,2,5,5,2,2,6,37,3,5,3,5,5,5,4,5,5,5,1,5,5,5,1,4,4,4,3,1,4,4,3,1,1,1,5,4.75,3.666666667,3.333333333,3,3.666666667,1
69,0,84,1,3,2,2,4,8,80,4,5,2,3,5,3,3,3,3,4,4,3,4,2,2,2,2,2,2,3,2,2,3,2,3,3,3.666666667,3.25,3.666666667,2,2.25,2.333333333,2.666666667
70,1,84,1,5,4,2,2,5,60,3,3,4,4,5,5,4,5,5,5,5,5,5,5,1,1,3,3,1,3,4,3,4,1,1,1,4.666666667,4.75,5,2.333333333,2.5,3.666666667,1
71,1,84,2,5,4,2,2,10,85,1,6,4,4,5,5,2,3,3,5,5,5,5,1,1,1,2,3,1,1,3,4,4,1,2,1,4.666666667,3.25,5,1,1.75,3.666666667,1.333333333
72,1,84,1,3,3,4,4,8,70,2,5,4,4,4,4,3,3,3,5,5,5,5,3,1,1,1,2,1,2,4,3,4,1,1,2,4,3.5,5,1.666666667,1.5,3.666666667,1.333333333
73,1,84,1,4,4,2,2,6,40,3,4,2,4,4,3,2,3,3,5,3,3,3,3,3,3,4,3,3,4,4,2,2,2,2,3,3.666666667,3.25,3,3,3.5,2.666666667,2.333333333
74,1,84,1,4,5,2,2,2,84,5,4,4,5,5,5,3,5,5,5,5,5,5,1,1,1,3,3,3,2,4,4,4,1,1,1,5,4.5,5,1,2.75,4,1
75,0,83,1,3,2,2,2,5,76,3,7,2,2,5,5,2,2,2,3,4,4,4,2,2,2,2,2,2,1,3,3,4,2,2,2,4,2.25,4,2,1.75,3.333333333,2
76,0,84,1,4,5,2,2,11,30,2,5,2,3,5,3,2,3,4,4,3,4,4,2,2,2,1,2,2,2,3,3,4,2,2,1,3.666666667,3.25,3.666666667,2,1.75,3.333333333,1.666666667
77,1,84,1,2,3,2,4,8,40,1,4,2,4,5,5,1,1,4,3,3,4,2,1,2,3,3,2,2,2,2,4,4,3,3,4,4.666666667,2.25,3,2,2.25,3.333333333,3.333333333
78,1,84,1,3,3,2,3,1,66,2,4,2,4,5,5,2,3,3,4,5,5,5,3,3,3,1,1,2,2,2,3,4,1,1,1,4.666666667,3,5,3,1.5,3,1
79,1,84,1,3,3,2,2,6,55,2,9,2,3,5,4,2,2,2,5,4,5,4,1,1,2,3,3,3,2,2,2,3,2,1,2,4,2.75,4.333333333,1.333333333,2.75,2.333333333,1.666666667
80,0,84,1,3,4,2,2,10,40,1,5,2,3,5,5,2,2,3,4,3,3,4,2,2,2,3,2,2,3,1,2,2,1,2,3,4.333333333,2.75,3.333333333,2,2.5,1.666666667,2
81,1,84,3,2,4,2,2,2,50,3,6,2,4,4,5,3,2,2,4,4,5,5,1,1,1,1,1,2,1,4,4,4,1,1,1,4.333333333,2.75,4.666666667,1,1.25,4,1
82,1,84,3,3,3,2,2,2,42,1,4,2,3,5,5,1,2,1,4,3,4,3,2,2,2,2,2,1,2,3,2,3,3,3,2,4.333333333,2,3.333333333,2,1.75,2.666666667,2.666666667
83,0,83,1,2,3,1,2,3,66,3,6,2,2,4,4,2,3,2,5,3,4,3,4,4,4,4,4,4,4,2,2,4,3,3,3,3.333333333,3,3.333333333,4,4,2.666666667,3
84,1,84,1,4,4,4,4,2,50,2,5,4,4,5,5,3,2,2,5,4,5,4,2,1,1,2,2,2,2,3,3,4,2,2,2,4.666666667,3,4.333333333,1.333333333,2,3.333333333,2
85,1,84,1,3,3,1,1,4,68,1,4,1,1,5,5,1,2,2,2,3,2,1,2,3,4,4,4,4,3,3,2,2,3,3,3,3.666666667,1.75,2,3,3.75,2.333333333,3
86,1,84,1,3,3,2,2,4,59,1,4,2,3,4,5,3,3,2,5,4,4,4,1,4,4,1,4,3,2,2,1,3,2,1,2,4,3.25,4,3,2.5,2,1.666666667
87,0,84,1,2,3,2,2,6,80.8,4,8,2,5,5,5,3,2,2,3,4,5,4,2,2,3,3,3,3,3,3,2,3,2,2,2,5,2.5,4.333333333,2.333333333,3,2.666666667,2
88,0,83,1,3,3,2,2,8,40,2,5,3,5,5,5,4,4,5,5,5,5,5,1,1,1,3,3,3,3,3,2,4,1,1,1,5,4.5,5,1,3,3,1
89,0,84,1,4,4,2,2,10,60,3,4,2,5,5,3,2,3,3,5,5,3,5,2,3,2,2,2,1,2,4,2,3,1,1,2,4.333333333,3.25,4.333333333,2.333333333,1.75,3,1.333333333
90,1,84,1,3,3,2,2,3,65,3,4,2,3,3,4,4,4,3,5,3,4,4,3,2,2,2,2,2,2,2,2,2,2,2,2,3.333333333,4,3.666666667,2.333333333,2,2,2
91,1,83,1,3,4,2,2,10,60,3,6,2,1,5,5,2,3,4,5,3,3,3,2,1,1,2,2,2,1,2,1,2,1,1,1,3.666666667,3.5,3,1.333333333,1.75,1.666666667,1
92,0,83,1,6,4,3,2,8,55,4,9,3,5,5,5,2,2,2,5,4,4,3,2,3,4,3,3,3,3,3,2,3,3,3,1,5,2.75,3.666666667,3,3,2.666666667,2.333333333
93,1,83,1,3,3,2,2,4,45.4,3,5,2,2,3,5,2,4,4,5,4,5,4,3,2,3,2,2,2,2,2,2,4,2,2,2,3.333333333,3.75,4.333333333,2.666666667,2,2.666666667,2
94,0,84,3,1,4,2,2,9,65,4,8,2,5,5,5,2,3,5,5,4,5,5,2,2,2,2,2,2,2,4,4,4,1,1,1,5,3.75,4.666666667,2,2,4,1
95,0,83,1,3,2,2,2,3,55,4,6,2,5,5,4,2,3,3,5,3,3,3,2,2,2,3,3,4,3,3,1,3,3,3,3,4.666666667,3.25,3,2,3.25,2.333333333,3
96,0,83,1,3,3,2,2,1,68,3,7,2,5,4,4,3,3,3,5,4,4,4,2,2,2,2,1,1,1,1,1,3,1,1,1,4.333333333,3.5,4,2,1.25,1.666666667,1
97,0,84,1,3,4,2,2,6,60,1,4,2,4,5,5,3,4,4,5,5,5,5,5,5,5,3,3,2,3,3,2,3,1,2,1,4.666666667,4,5,5,2.75,2.666666667,1.333333333
98,1,83,1,3,3,2,2,5,60,3,5,3,4,5,5,4,4,5,5,5,4,5,2,1,1,2,2,2,1,4,4,4,2,2,2,4.666666667,4.5,4.666666667,1.333333333,1.75,4,2
99,1,84,1,2,2,2,2,2,79,4,6,2,4,4,4,3,3,3,5,4,5,3,2,2,2,3,3,3,2,3,3,4,3,2,1,4,3.5,4,2,2.75,3.333333333,2
100,1,83,1,3,2,2,2,2,53,2,4,2,4,3,3,3,3,3,4,4,3,4,2,1,2,2,1,1,1,3,2,3,1,1,1,3.333333333,3.25,3.666666667,1.666666667,1.25,2.666666667,1
101,1,84,1,5,5,3,2,9,75,3,4,3,2,5,5,3,3,4,5,3,5,3,2,2,2,2,2,2,2,2,2,2,2,2,2,4,3.75,3.666666667,2,2,2,2
102,1,84,1,3,3,2,2,6,65,4,5,2,4,5,5,2,3,3,3,4,3,4,1,1,1,2,2,2,1,4,3,4,1,1,1,4.666666667,2.75,3.666666667,1,1.75,3.666666667,1
103,1,84,3,2,3,2,2,4,68,4,5,2,3,3,3,3,3,2,5,4,5,3,2,2,4,3,2,2,2,3,3,4,2,2,2,3,3.25,4,2.666666667,2.25,3.333333333,2
104,0,83,1,3,4,3,3,6,60,2,1,3,2,2,2,1,2,2,5,5,5,5,2,2,2,2,2,1,1,4,3,2,1,1,1,2,2.5,5,2,1.5,3,1
105,1,83,1,3,3,2,2,6,70,4,4,2,3,4,4,1,2,2,5,3,5,3,1,1,1,1,3,2,3,3,1,2,1,1,1,3.666666667,2.5,3.666666667,1,2.25,2,1
106,1,83,1,2,3,2,2,7,60,2,5,2,4,4,5,2,4,4,5,4,5,4,2,2,2,2,2,2,1,3,2,4,1,1,2,4.333333333,3.75,4.333333333,2,1.75,3,1.333333333
107,1,84,2,5,4,2,2,6,60,3,3,2,2,3,3,2,3,3,5,5,5,5,3,3,3,2,2,2,2,2,2,3,2,2,2,2.666666667,3.25,5,3,2,2.333333333,2
108,1,83,1,3,3,2,2,3,60,2,5,2,3,4,5,2,3,4,5,4,4,4,2,2,2,3,3,2,1,4,3,2,1,1,1,4,3.5,4,2,2.25,3,1
109,0,84,1,3,3,2,2,4,56,2,3,2,4,4,3,3,3,5,5,4,4,4,3,2,2,2,2,2,2,3,2,4,2,2,2,3.666666667,4,4,2.333333333,2,3,2
110,0,84,1,1,3,2,2,3,81,3,3,2,4,4,3,4,3,2,5,4,4,2,2,2,2,1,1,1,2,1,1,2,1,1,1,3.666666667,3.5,3.333333333,2,1.25,1.333333333,1
111,1,84,1,3,3,1,2,10,79,4,3,2,3,3,4,1,4,3,5,4,4,4,2,2,2,2,1,2,2,2,2,2,1,1,1,3.333333333,3.25,4,2,1.75,2,1
112,1,84,1,3,2,2,2,4,91,4,5,2,2,5,5,2,2,2,2,3,3,4,2,3,2,3,1,2,1,4,2,3,1,3,2,4,2,3.333333333,2.333333333,1.75,3,2
113,1,84,1,3,3,1,2,4,100,4,5,4,5,5,5,2,3,5,5,2,2,3,3,4,1,1,1,4,4,4,4,4,1,1,1,5,3.75,2.333333333,2.666666667,2.5,4,1
114,1,84,1,6,6,2,2,3,60,2,3,2,2,4,4,2,3,1,5,3,4,2,1,1,3,3,3,2,2,2,2,3,4,4,3,3.333333333,2.75,3,1.666666667,2.5,2.333333333,3.666666667
115,1,83,2,2,3,2,2,3,50,2,4,2,4,5,3,4,4,4,3,5,5,5,3,1,2,2,2,2,2,2,2,3,1,1,1,4,3.75,5,2,2,2.333333333,1
116,1,83,1,3,3,2,2,1,60,1,5,2,2,4,3,2,3,2,2,5,4,5,1,3,2,2,2,2,2,2,2,2,1,1,1,3,2.25,4.666666667,2,2,2,1
117,1,83,3,2,2,2,2,5,60,2,1,2,3,4,4,2,3,4,3,3,5,3,2,1,1,1,2,1,1,1,1,4,1,1,1,3.666666667,3,3.666666667,1.333333333,1.25,2,1
118,1,84,1,2,3,2,2,6,65,3,6,2,5,5,5,2,3,3,5,5,5,5,1,1,1,2,1,2,1,4,4,4,1,1,2,5,3.25,5,1,1.5,4,1.333333333
119,1,84,1,4,3,2,2,6,68,3,5,2,4,3,5,2,3,4,5,5,5,5,2,2,3,2,2,2,3,4,3,4,4,1,1,4,3.5,5,2.333333333,2.25,3.666666667,2
120,0,84,1,3,3,2,2,3,70,3,6,2,4,5,5,3,3,3,3,4,4,4,1,1,1,2,2,1,2,3,3,3,1,1,1,4.666666667,3,4,1,1.75,3,1
121,0,83,1,5,4,2,2,8,87,5,7,3,4,4,2,2,2,2,5,3,4,3,2,2,2,2,1,1,2,4,3,4,2,2,1,3.333333333,2.75,3.333333333,2,1.5,3.666666667,1.666666667
122,0,83,1,3,3,3,3,2,70,3,6,2,3,2,2,1,1,1,2,3,3,3,2,2,2,2,1,2,2,3,2,2,1,2,1,2.333333333,1.25,3,2,1.75,2.333333333,1.333333333
123,0,84,1,3,2,2,2,2,65.1,2,5,1,2,5,5,3,5,5,5,3,4,4,1,1,1,3,3,3,3,2,1,3,3,3,3,4,4.5,3.666666667,1,3,2,3
124,0,84,1,6,6,3,2,6,84,5,2,3,5,4,4,2,3,3,5,5,5,4,1,1,2,2,2,2,2,4,3,4,2,2,2,4.333333333,3.25,4.666666667,1.333333333,2,3.666666667,2
125,0,83,3,1,2,2,2,2,73,3,8,2,4,5,5,1,3,4,5,4,4,4,3,2,1,3,3,3,4,2,1,2,2,2,2,4.666666667,3.25,4,2,3.25,1.666666667,2
126,1,83,1,4,4,3,3,8,83,4,3,3,4,4,4,4,3,3,3,4,4,4,2,2,2,3,3,3,2,2,2,2,3,3,2,4,3.25,4,2,2.75,2,2.666666667
127,0,83,1,2,2,2,2,3,52,3,5,2,3,5,5,3,3,4,5,4,4,4,2,2,2,3,3,3,4,4,2,2,3,2,1,4.333333333,3.75,4,2,3.25,2.666666667,2
128,1,84,3,4,4,2,2,3,40,2,5,2,5,4,4,2,3,4,5,3,3,3,3,4,3,4,4,4,4,4,3,2,1,2,3,4.333333333,3.5,3,3.333333333,4,3,2
129,0,84,3,1,2,2,2,3,71,5,5,2,2,3,3,1,3,2,5,4,3,3,1,1,1,3,3,1,3,2,2,3,2,2,2,2.666666667,2.75,3.333333333,1,2.5,2.333333333,2
130,0,84,3,3,2,1,2,1,71,2,7,4,5,3,2,3,4,4,5,3,3,2,2,1,5,2,2,3,4,3,2,1,4,4,3,3.333333333,4,2.666666667,2.666666667,2.75,2,3.666666667
131,0,84,3,2,1,1,2,7,60,4,10,2,4,4,4,3,4,5,5,5,5,5,2,2,2,3,3,4,4,3,3,3,2,2,1,4,4.25,5,2,3.5,3,1.666666667
132,1,84,1,2,2,2,2,3,58,4,3,2,4,5,2,2,4,4,4,4,4,4,2,2,2,2,2,2,2,2,2,3,1,1,2,3.666666667,3.5,4,2,2,2.333333333,1.333333333
133,1,83,3,5,2,2,2,11,50,1,7,2,3,5,5,3,4,4,5,5,5,5,1,1,1,2,1,2,1,2,1,3,1,1,1,4.333333333,4,5,1,1.5,2,1
134,1,83,1,3,3,2,2,4,80,5,4,2,4,2,2,2,4,4,4,4,4,4,2,2,2,2,2,1,1,4,3,4,1,1,1,2.666666667,3.5,4,2,1.5,3.666666667,1
135,1,84,1,2,3,2,2,3,71,3,5,2,3,4,4,2,3,3,5,4,4,4,2,2,2,2,2,2,2,4,1,2,2,2,2,3.666666667,3.25,4,2,2,2.333333333,2
136,1,83,3,3,3,2,2,7,77,4,4,3,2,2,2,1,1,2,2,4,4,2,2,2,2,3,1,2,2,2,1,3,1,1,1,2,1.5,3.333333333,2,2,2,1
137,1,84,3,1,1,2,2,2,70,3,4,2,2,3,2,2,2,4,5,4,5,5,2,1,1,2,2,2,1,3,4,4,1,1,1,2.333333333,3.25,4.666666667,1.333333333,1.75,3.666666667,1
138,1,84,1,3,4,2,2,3,88.6,4,4,2,3,3,5,2,2,2,5,4,4,4,2,2,2,3,2,4,2,2,2,3,2,2,2,3.666666667,2.75,4,2,2.75,2.333333333,2
139,0,84,1,3,3,2,2,3,50,3,4,2,4,3,4,3,4,4,5,4,3,4,3,2,2,3,3,3,3,2,2,2,2,2,2,3.666666667,4,3.666666667,2.333333333,3,2,2
140,1,84,1,4,4,2,2,4,39,3,3,2,5,5,5,3,3,3,5,3,3,5,3,3,3,3,3,3,2,1,2,3,2,2,1,5,3.5,3.666666667,3,2.75,2,1.666666667
141,0,83,1,4,3,2,2,2,70,3,4,2,3,4,3,3,3,3,3,3,3,3,3,3,3,3,3,3,3,3,1,2,3,3,2,3.333333333,3,3,3,3,2,2.666666667
142,1,83,2,5,6,4,2,3,71,4,11,4,5,5,5,3,3,3,3,4,5,4,2,3,2,4,4,3,3,4,3,4,2,2,4,5,3,4.333333333,2.333333333,3.5,3.666666667,2.666666667
143,1,83,1,3,3,2,2,4,36,1,2,2,5,5,5,3,2,5,5,4,4,4,3,3,2,2,2,2,3,2,1,4,1,1,3,5,3.75,4,2.666666667,2.25,2.333333333,1.666666667
144,1,84,1,2,2,2,2,3,80,5,10,3,3,3,4,2,3,1,3,5,5,5,4,3,3,3,3,3,3,4,1,3,2,2,1,3.333333333,2.25,5,3.333333333,3,2.666666667,1.666666667
145,1,84,1,2,2,2,2,3,78,5,6,3,3,4,4,3,3,2,4,4,5,3,2,2,2,3,3,3,4,3,2,2,2,2,2,3.666666667,3,4,2,3.25,2.333333333,2
146,1,83,1,3,2,2,2,7,50,3,7,3,3,5,5,2,3,3,5,4,5,4,2,1,2,2,1,1,2,4,1,4,1,1,1,4.333333333,3.25,4.333333333,1.666666667,1.5,3,1
147,0,84,1,4,3,2,2,5,40,2,5,2,3,5,4,2,3,3,5,4,4,4,3,4,2,2,3,3,3,2,3,3,2,2,2,4,3.25,4,3,2.75,2.666666667,2
148,1,83,1,3,3,2,2,3,55,1,4,2,4,5,5,2,3,4,5,3,3,3,5,2,2,4,4,4,4,1,1,4,4,3,4,4.666666667,3.5,3,3,4,2,3.666666667
149,1,83,1,3,3,2,2,2,43,2,4,2,4,4,5,2,3,4,5,3,4,3,3,3,3,3,3,3,4,3,2,4,3,3,3,4.333333333,3.5,3.333333333,3,3.25,3,3
150,0,84,1,6,5,2,2,7,55,3,3,2,2,5,3,2,2,2,5,3,4,3,1,2,1,3,2,2,2,2,3,4,2,2,2,3.333333333,2.75,3.333333333,1.333333333,2.25,3,2
151,1,83,1,3,3,2,2,5,50,2,8,2,4,4,3,2,3,2,4,3,4,4,1,1,1,2,2,2,2,2,1,3,1,1,1,3.666666667,2.75,3.666666667,1,2,2,1
152,1,84,1,4,4,3,3,16,50,5,8,3,3,3,5,2,3,4,5,2,5,5,3,1,2,3,1,1,1,4,4,4,1,1,1,3.666666667,3.5,4,2,1.5,4,1
153,1,84,1,3,3,2,2,4,58,3,7,2,4,5,5,3,2,3,5,5,5,5,3,2,2,2,2,2,2,3,3,2,2,2,2,4.666666667,3.25,5,2.333333333,2,2.666666667,2
154,1,84,1,2,3,2,2,3,52,3,7,3,3,5,5,1,3,2,3,3,4,3,1,1,1,2,3,4,3,1,2,4,1,3,1,4.333333333,2.25,3.333333333,1,3,2.333333333,1.666666667
155,1,83,1,5,5,2,2,6,69,3,2,2,5,5,4,3,2,3,5,4,5,4,2,2,2,2,2,2,3,2,2,3,1,1,2,4.666666667,3.25,4.333333333,2,2.25,2.333333333,1.333333333
156,1,83,1,3,3,2,4,3,52,3,9,2,3,5,5,3,3,2,5,4,4,3,2,4,4,2,4,3,2,3,2,4,2,2,2,4.333333333,3.25,3.666666667,3.333333333,2.75,3,2
157,1,83,2,1,2,2,4,2,48,3,7,3,3,5,5,3,3,4,5,4,4,4,2,2,2,3,3,2,2,3,2,2,2,2,3,4.333333333,3.75,4,2,2.5,2.333333333,2.333333333
158,0,83,1,3,3,2,2,3,93,4,6,2,4,3,4,2,4,4,5,4,4,3,2,2,2,3,3,2,3,1,1,2,2,1,2,3.666666667,3.75,3.666666667,2,2.75,1.333333333,1.666666667
159,1,84,1,1,2,3,3,3,55,2,5,2,4,4,4,2,3,3,5,4,4,4,4,4,4,1,1,1,1,3,2,3,1,1,1,4,3.25,4,4,1,2.666666667,1
160,1,84,1,3,3,3,2,6,71,3,4,2,4,5,4,2,3,3,4,4,5,4,2,2,2,2,2,2,2,3,3,4,2,2,1,4.333333333,3,4.333333333,2,2,3.333333333,1.666666667
161,1,83,1,4,4,3,2,5,83,4,6,2,2,4,4,3,4,4,5,4,4,4,3,2,2,3,2,2,1,3,2,4,1,1,1,3.333333333,4,4,2.333333333,2,3,1
162,1,83,1,3,3,2,2,21,45,2,4,2,5,4,3,3,3,3,5,3,4,4,2,2,2,3,2,2,2,3,2,4,2,2,2,4,3.5,3.666666667,2,2.25,3,2
163,1,83,3,3,3,2,2,2,60,3,7,2,2,3,4,2,4,4,5,4,5,3,2,2,2,2,2,2,2,2,2,3,2,1,1,3,3.75,4,2,2,2.333333333,1.333333333
164,0,84,1,3,3,2,2,4,84,4,5,2,2,5,5,3,3,3,4,3,3,3,2,2,2,3,3,2,3,2,1,3,2,2,2,4,3.25,3,2,2.75,2,2
165,1,84,1,2,2,2,2,1,60,4,1,2,1,5,4,2,3,1,5,1,5,1,1,3,1,1,1,1,1,3,1,1,4,4,4,3.333333333,2.75,2.333333333,1.666666667,1,1.666666667,4
166,0,84,1,2,2,2,2,3,70,3,4,2,4,5,4,2,2,2,5,4,4,4,1,1,1,2,1,1,1,3,1,4,1,1,2,4.333333333,2.75,4,1,1.25,2.666666667,1.333333333
167,1,83,1,1,2,1,2,20,44,1,1,2,3,5,3,2,2,2,5,5,4,4,3,3,3,2,2,2,2,4,3,4,2,2,2,3.666666667,2.75,4.333333333,3,2,3.666666667,2
168,1,84,1,3,3,2,2,3,60,2,6,2,5,5,5,3,3,3,5,3,3,3,3,3,3,3,2,3,2,4,3,4,1,1,1,5,3.5,3,3,2.5,3.666666667,1
169,1,82,1,4,5,2,2,6,65,3,2,2,2,4,4,2,3,2,5,4,4,4,1,2,2,1,1,1,1,4,2,3,1,1,1,3.333333333,3,4,1.666666667,1,3,1
170,1,83,1,3,3,2,2,3,89,4,5,2,4,4,4,2,4,4,5,5,5,5,1,1,1,1,1,1,1,4,4,4,1,1,1,4,3.75,5,1,1,4,1
171,1,83,1,3,2,1,2,4,60,3,6,2,4,5,5,3,5,3,5,3,3,3,2,2,2,1,3,3,3,4,4,4,2,2,2,4.666666667,4,3,2,2.5,4,2
172,0,84,1,4,6,3,2,5,62,3,8,3,5,4,4,2,3,3,5,5,5,5,1,1,1,2,2,2,2,2,1,3,1,1,1,4.333333333,3.25,5,1,2,2,1
173,0,84,1,3,4,2,2,3,57.3,4,11,2,3,3,5,2,3,1,3,5,5,3,1,1,3,3,1,2,3,2,2,1,3,3,1,3.666666667,2.25,4.333333333,1.666666667,2.25,1.666666667,2.333333333
174,1,83,1,3,1,4,4,3,40,3,5,3,4,5,5,2,3,3,5,5,5,5,1,1,1,2,1,2,2,2,2,3,1,1,1,4.666666667,3.25,5,1,1.75,2.333333333,1
175,1,84,1,6,6,2,3,4,28.5,1,1,2,3,4,5,3,2,3,5,5,5,5,2,2,2,3,3,2,1,4,3,4,1,1,1,4,3.25,5,2,2.25,3.666666667,1
176,1,84,1,5,5,3,3,5,43.8,2,2,3,5,4,5,3,4,4,5,5,5,5,3,2,2,3,3,2,2,4,3,4,3,2,2,4.666666667,4,5,2.333333333,2.5,3.666666667,2.333333333
177,1,84,1,5,5,3,2,9,55.4,3,9,3,4,5,5,3,3,3,5,4,4,4,2,2,2,2,3,2,2,3,3,3,1,1,1,4.666666667,3.5,4,2,2.25,3,1
178,0,83,1,3,4,2,2,7,84.8,4,8,2,4,5,5,2,3,3,5,4,4,4,2,1,1,2,2,1,1,2,1,4,2,2,2,4.666666667,3.25,4,1.333333333,1.5,2.333333333,2
179,1,84,2,4,5,3,4,5,50.9,3,4,3,2,3,3,2,3,3,5,3,4,3,3,4,3,3,3,3,1,2,3,2,2,3,2,2.666666667,3.25,3.333333333,3.333333333,2.5,2.333333333,2.333333333
180,1,84,1,3,3,2,2,6,72.6,4,9,2,5,5,5,3,3,3,5,5,5,5,1,1,1,2,2,1,1,4,3,4,1,1,1,5,3.5,5,1,1.5,3.666666667,1
181,1,84,1,4,3,3,3,5,67.5,4,1,3,5,5,4,2,3,3,5,5,5,5,2,2,2,1,1,1,1,4,4,4,1,1,1,4.666666667,3.25,5,2,1,4,1
182,0,83,1,3,4,2,2,7,79.6,4,8,2,4,5,4,2,3,3,5,5,5,4,3,2,2,2,2,2,2,2,1,4,1,1,1,4.333333333,3.25,4.666666667,2.333333333,2,2.333333333,1
183,0,84,1,4,3,2,2,8,67.8,3,1,3,3,4,4,3,3,3,4,4,5,4,2,2,2,2,1,2,2,2,1,3,1,1,1,3.666666667,3.25,4.333333333,2,1.75,2,1
184,0,84,1,4,4,2,3,6,52.1,3,8,3,3,5,4,3,3,3,5,5,5,5,2,2,2,2,2,2,2,3,3,3,2,1,2,4,3.5,5,2,2,3,1.666666667
185,1,84,1,3,3,2,2,7,30.8,1,2,2,3,4,5,2,2,2,5,3,4,4,1,1,1,3,3,3,3,3,2,3,2,2,2,4,2.75,3.666666667,1,3,2.666666667,2
186,1,84,1,4,2,2,2,6,51.4,3,8,2,5,4,5,3,3,3,5,4,4,4,3,2,3,3,3,3,3,2,2,3,2,2,2,4.666666667,3.5,4,2.666666667,3,2.333333333,2
187,0,84,1,6,6,2,2,3,39.8,1,8,2,3,5,5,3,4,3,5,3,3,3,3,5,3,4,3,3,3,3,2,1,3,3,2,4.333333333,3.75,3,3.666666667,3.25,2,2.666666667
188,1,83,1,3,3,2,2,4,84,5,5,2,4,5,5,2,2,4,4,4,4,3,2,2,2,3,3,2,2,3,2,4,2,2,2,4.666666667,3,3.666666667,2,2.5,3,2
189,1,83,1,4,4,4,3,8,87,5,4,4,5,5,5,2,3,3,5,4,5,4,2,2,2,2,2,2,2,1,1,3,1,1,2,5,3.25,4.333333333,2,2,1.666666667,1.333333333
190,1,84,1,3,3,2,2,10,75,4,4,4,4,4,4,2,2,4,4,3,5,3,3,2,2,2,1,2,2,3,1,2,1,1,2,4,3,3.666666667,2.333333333,1.75,2,1.333333333
191,1,84,3,1,3,2,2,1,50,3,7,3,5,4,4,2,2,2,5,5,5,5,1,1,1,2,1,1,4,3,3,3,1,1,1,4.333333333,2.75,5,1,2,3,1
192,1,84,1,3,2,1,2,2,60,3,2,1,1,5,4,1,3,3,5,5,4,3,1,3,3,1,1,3,2,1,1,2,3,1,4,3.333333333,3,4,2.333333333,1.75,1.333333333,2.666666667
193,1,83,1,2,3,2,2,3,60,2,5,2,3,3,4,2,2,2,5,4,5,4,1,1,1,4,3,2,3,4,1,4,1,2,3,3.333333333,2.75,4.333333333,1,3,3,2
194,1,83,1,4,4,2,3,4,80,4,6,4,4,5,4,4,4,4,4,3,5,4,2,2,2,2,2,2,2,3,2,3,2,2,2,4.333333333,4,4,2,2,2.666666667,2
195,1,83,1,3,2,2,2,4,60,3,5,2,4,4,5,5,5,5,4,4,5,5,3,3,3,3,3,2,1,3,3,4,2,1,2,4.333333333,4.75,4.666666667,3,2.25,3.333333333,1.666666667
196,1,83,3,2,4,2,2,2,60,3,4,2,4,4,4,3,4,4,4,4,4,4,2,2,2,3,3,3,2,3,3,3,1,1,1,4,3.75,4,2,2.75,3,1
197,1,84,2,4,4,2,4,3,50,2,5,4,4,4,4,4,4,4,5,5,5,5,2,2,2,2,2,2,2,4,3,4,1,1,1,4,4.25,5,2,2,3.666666667,1
198,1,84,1,3,2,2,2,2,60,3,3,1,3,4,2,4,5,2,1,2,3,4,2,1,5,2,3,4,3,2,1,3,2,3,1,3,3,3,2.666666667,3,2,2
199,1,84,1,3,3,2,2,2,60,4,4,2,5,5,4,2,3,4,5,4,5,4,1,1,1,1,3,1,1,3,1,4,1,1,1,4.666666667,3.5,4.333333333,1,1.5,2.666666667,1
200,1,84,1,3,3,1,2,4,50,3,2,2,5,5,4,2,3,3,5,5,5,5,2,2,2,1,1,1,1,3,2,1,3,3,1,4.666666667,3.25,5,2,1,2,2.333333333
201,1,83,1,3,2,2,2,10,60,3,5,2,5,5,5,3,3,3,5,3,5,3,2,2,2,2,2,2,1,2,2,4,2,2,2,5,3.5,3.666666667,2,1.75,2.666666667,2
202,1,84,1,2,3,1,2,4,63,3,5,2,5,5,5,4,4,4,3,3,5,4,3,3,3,2,2,2,2,3,3,4,1,1,1,5,3.75,4,3,2,3.333333333,1
203,1,83,2,4,4,2,2,4,80,4,4,2,3,4,4,2,3,2,5,5,5,5,1,1,1,2,2,2,1,4,3,4,1,1,2,3.666666667,3,5,1,1.75,3.666666667,1.333333333
204,1,84,1,3,3,2,2,5,63,3,7,2,4,5,5,3,3,4,5,4,5,5,2,2,1,1,1,2,2,3,3,3,1,1,1,4.666666667,3.75,4.666666667,1.666666667,1.5,3,1
205,1,83,1,3,3,2,2,5,55,3,3,2,4,5,5,4,3,3,5,4,4,4,2,2,2,1,2,2,1,3,2,4,1,2,1,4.666666667,3.75,4,2,1.5,3,1.333333333
206,1,84,1,5,2,2,2,6,70,4,4,2,3,4,5,4,5,3,4,5,5,5,3,2,3,2,2,1,1,4,4,3,2,1,2,4,4,5,2.666666667,1.5,3.666666667,1.666666667
207,1,83,1,3,3,2,2,4,78,3,1.5,2,2,5,5,5,5,5,5,4,4,4,2,2,2,1,1,1,2,3,2,4,1,1,2,4,5,4,2,1.25,3,1.333333333
208,0,84,1,5,5,2,2,1,80,3,11,2,3,3,3,3,3,4,2,3,3,4,1,2,1,3,3,3,2,2,1,2,2,2,2,3,3,3.333333333,1.333333333,2.75,1.666666667,2
209,0,84,1,3,3,2,2,2,84,4,5,2,3,3,3,2,3,3,3,3,3,3,1,2,1,2,3,3,3,2,2,2,2,2,2,3,2.75,3,1.333333333,2.75,2,2
210,1,84,1,3,3,1,1,3,40,1,2,2,4,5,5,3,3,3,4,4,5,5,1,1,1,1,4,3,2,4,3,4,1,1,1,4.666666667,3.25,4.666666667,1,2.5,3.666666667,1
211,0,84,1,1,4,2,3,3,90,5,9,2,4,4,4,2,3,3,2,4,5,4,2,1,2,2,3,3,2,4,4,4,2,2,2,4,2.5,4.333333333,1.666666667,2.5,4,2
212,0,84,1,1,2,2,2,3,68,2,10,2,4,4,4,2,4,3,5,3,4,4,3,2,3,3,3,3,3,2,1,3,2,2,2,4,3.5,3.666666667,2.666666667,3,2,2
213,1,83,1,2,3,2,2,6,63,2,1,2,4,4,4,2,2,4,3,5,5,5,2,2,2,2,1,2,2,2,2,2,2,1,2,4,2.75,5,2,1.75,2,1.666666667
214,1,84,1,2,4,2,2,3,60,1,4,2,4,5,3,3,3,2,5,3,4,4,3,2,2,3,1,1,1,1,1,4,1,1,1,4,3.25,3.666666667,2.333333333,1.5,2,1
215,0,84,1,2,2,2,2,4,89,4,8,2,3,4,4,3,3,2,4,4,4,3,3,2,4,3,2,2,2,2,1,3,3,3,2,3.666666667,3,3.666666667,3,2.25,2,2.666666667
216,0,83,1,3,4,2,2,3,85,3,5,2,2,4,3,2,2,2,5,3,3,3,3,3,3,2,4,4,4,2,2,4,2,2,3,3,2.75,3,3,3.5,2.666666667,2.333333333
217,1,83,3,3,3,2,2,2,50,3,3,2,3,4,4,2,3,3,3,4,5,5,2,2,2,2,2,2,2,4,4,4,1,1,1,3.666666667,2.75,4.666666667,2,2,4,1
218,1,83,3,2,3,2,2,1,42,3,9,2,5,4,4,3,3,3,5,4,5,3,3,4,3,3,2,3,2,4,3,4,3,3,3,4.333333333,3.5,4,3.333333333,2.5,3.666666667,3
219,0,83,3,3,3,2,2,1,60,3,6,2,3,5,4,2,4,3,3,4,4,4,1,1,1,2,2,2,1,2,3,4,1,1,2,4,3,4,1,1.75,3,1.333333333
220,0,84,3,3,3,2,2,1,60,3,7,2,3,4,4,2,4,3,5,3,5,5,1,1,1,2,2,2,2,3,3,4,2,2,2,3.666666667,3.5,4.333333333,1,2,3.333333333,2
221,1,84,3,3,3,2,2,4,38,1,5,2,3,3,3,1,3,2,4,4,4,4,3,3,3,2,2,2,2,4,2,1,1,1,1,3,2.5,4,3,2,2.333333333,1
222,1,83,3,3,5,1,2,2,50,1,4,1,4,4,4,2,3,4,5,3,4,3,3,1,2,3,2,1,1,4,2,4,2,3,1,4,3.5,3.333333333,2,1.75,3.333333333,2
223,0,84,3,3,3,2,2,1,72,4,5,2,4,4,5,2,3,5,5,5,5,5,1,1,1,3,4,4,4,3,2,2,1,2,3,4.333333333,3.75,5,1,3.75,2.333333333,2
224,1,83,3,3,3,2,2,2,36,3,9,2,3,3,4,2,4,5,4,3,4,4,3,2,2,2,1,1,1,1,1,1,2,1,1,3.333333333,3.75,3.666666667,2.333333333,1.25,1,1.333333333
225,1,83,1,3,1,2,2,11,40,2,10,2,3,4,4,3,3,4,4,4,5,3,2,3,1,4,3,3,4,3,3,3,4,3,3,3.666666667,3.5,4,2,3.5,3,3.333333333
226,0,83,3,3,5,2,2,3,60,3,8,2,5,3,3,1,3,3,4,4,4,5,3,3,3,3,3,3,4,2,1,3,1,1,1,3.666666667,2.75,4.333333333,3,3.25,2,1
227,1,84,2,3,3,2,2,3,51,3,8,2,4,5,4,2,2,1,5,5,5,4,1,1,2,3,2,2,2,2,2,3,3,3,2,4.333333333,2.5,4.666666667,1.333333333,2.25,2.333333333,2.666666667
228,1,84,1,3,3,2,2,5,60,4,4,1,5,5,5,2,3,4,5,5,5,5,1,1,1,2,1,1,1,4,1,4,1,1,1,5,3.5,5,1,1.25,3,1
229,1,84,3,3,5,2,2,1,50,3,8,2,2,2,3,1,2,2,2,4,4,4,4,4,4,1,1,1,1,1,1,1,1,1,1,2.333333333,1.75,4,4,1,1,1
230,1,84,3,2,1,2,2,2,40,2,4,2,2,3,3,2,3,3,3,5,5,5,5,5,4,3,3,3,3,3,3,3,3,3,3,2.666666667,2.75,5,4.666666667,3,3,3
231,1,84,3,3,3,2,4,4,60,4,7,2,4,4,5,3,3,4,4,3,3,3,1,1,1,1,1,1,1,4,1,1,1,1,1,4.333333333,3.5,3,1,1,2,1
232,1,83,3,2,3,2,2,10,45,2,4,4,4,3,3,1,3,3,4,4,5,5,2,2,2,2,2,2,1,4,3,3,1,1,1,3.333333333,2.75,4.666666667,2,1.75,3.333333333,1
233,1,84,2,2,2,2,2,1,60,2,5,2,1,4,4,1,1,1,5,4,4,1,3,3,4,3,3,3,3,3,3,1,3,3,3,3,2,3,3.333333333,3,2.333333333,3
234,0,83,3,3,3,2,2,2,60,4,1,2,3,3,2,2,2,2,5,4,5,3,1,1,3,2,2,2,2,2,2,3,3,4,4,2.666666667,2.75,4,1.666666667,2,2.333333333,3.666666667
235,1,84,1,3,4,2,2,5,45,3,3,2,3,3,3,3,3,3,3,3,3,2,1,1,1,2,2,2,1,1,1,2,2,2,1,3,3,2.666666667,1,1.75,1.333333333,1.666666667
236,0,83,3,2,4,2,2,13,65,4,7,2,5,5,4,2,3,4,5,3,5,5,2,2,2,2,2,2,2,4,2,4,1,1,1,4.666666667,3.5,4.333333333,2,2,3.333333333,1
237,0,83,1,1,2,2,2,2,84,4,9,2,4,3,3,2,2,2,5,4,5,3,1,1,1,2,2,2,3,2,2,4,2,2,2,3.333333333,2.75,4,1,2.25,2.666666667,2
238,0,84,3,2,2,3,3,4,73,4,7,2,4,2,2,2,2,5,5,5,5,5,2,2,2,3,2,2,2,2,2,2,2,2,2,2.666666667,3.5,5,2,2.25,2,2
239,1,84,3,3,3,2,2,3,60,3,6,2,3,3,4,2,3,4,5,5,5,5,3,2,2,2,2,2,2,4,3,4,2,2,2,3.333333333,3.5,5,2.333333333,2,3.666666667,2
240,1,84,3,1,1,2,2,1,73,4,6,2,3,4,4,1,1,2,4,5,5,5,1,1,1,1,1,1,1,3,2,4,1,1,1,3.666666667,2,5,1,1,3,1
241,1,84,3,2,1,2,2,4,34,2,8,2,4,5,4,2,3,2,4,3,5,5,1,1,1,1,1,1,1,2,2,4,1,1,1,4.333333333,2.75,4.333333333,1,1,2.666666667,1
242,1,83,3,3,2,2,2,3,40,2,6,2,1,2,3,1,1,3,5,5,4,5,1,2,1,1,2,1,1,3,2,4,1,2,1,2,2.5,4.666666667,1.333333333,1.25,3,1.333333333
243,1,84,3,3,3,2,2,4,50,3,9,2,4,5,4,2,4,3,5,3,4,4,2,3,3,4,3,4,3,3,4,3,3,2,3,4.333333333,3.5,3.666666667,2.666666667,3.5,3.333333333,2.666666667
244,1,84,3,3,5,2,2,8,40,2,7,2,3,4,4,2,3,3,4,3,4,3,2,2,2,2,2,3,2,2,2,4,2,2,3,3.666666667,3,3.333333333,2,2.25,2.666666667,2.333333333
245,0,83,1,2,2,2,2,2,60,4,9,2,3,4,3,2,3,3,5,4,5,3,2,2,3,2,2,2,2,3,2,3,2,2,2,3.333333333,3.25,4,2.333333333,2,2.666666667,2
246,1,84,3,2,2,2,2,1,55,2,5,2,2,5,3,3,2,2,3,5,5,5,1,1,1,2,2,2,1,3,3,4,3,2,1,3.333333333,2.5,5,1,1.75,3.333333333,2
247,1,84,3,4,2,2,2,5,50.9,3,1,1,5,5,5,5,5,5,5,3,4,3,1,1,1,2,1,1,1,4,3,4,1,1,1,5,5,3.333333333,1,1.25,3.666666667,1
248,1,83,1,2,2,2,3,4,60,4,5,2,4,4,4,2,3,4,5,3,5,3,2,2,2,1,1,1,3,2,3,3,1,1,1,4,3.5,3.666666667,2,1.5,2.666666667,1
249,1,84,1,2,3,2,2,3,62,4,8,2,3,4,3,2,2,2,5,4,5,4,3,2,2,2,2,2,2,2,3,4,1,1,1,3.333333333,2.75,4.333333333,2.333333333,2,3,1
250,0,84,3,5,5,2,2,1,50,3,8,2,2,2,2,1,4,1,5,4,5,3,1,3,1,3,4,2,2,4,4,3,1,1,1,2,2.75,4,1.666666667,2.75,3.666666667,1
251,0,83,3,2,2,2,2,1,50,4,10,2,2,2,2,2,2,4,5,5,3,5,2,3,2,1,1,1,1,4,2,4,1,1,1,2,3.25,4.333333333,2.333333333,1,3.333333333,1
252,0,84,3,2,2,2,2,1,45,3,9,2,2,4,5,3,4,3,5,4,5,4,2,2,2,2,1,1,2,3,2,4,1,1,1,3.666666667,3.75,4.333333333,2,1.5,3,1
253,1,83,3,3,6,1,1,3,30,1,10,1,4,4,4,4,4,4,4,5,5,5,3,4,3,1,1,1,1,4,4,4,1,1,1,4,4,5,3.333333333,1,4,1
254,1,84,1,2,1,1,1,1,62,2,3,1,3,4,4,3,2,2,5,4,4,3,1,1,1,2,2,2,2,3,3,4,1,1,1,3.666666667,3,3.666666667,1,2,3.333333333,1
255,1,84,1,1,2,2,2,5,64,2,7,2,3,4,4,3,3,3,5,4,4,4,2,2,2,3,3,3,3,2,2,4,2,3,2,3.666666667,3.5,4,2,3,2.666666667,2.333333333
256,1,83,3,4,3,2,2,7,81.2,5,8,3,4,3,4,2,2,2,4,5,5,5,2,2,2,3,2,2,1,4,3,4,1,1,1,3.666666667,2.5,5,2,2,3.666666667,1
257,0,82,3,5,5,2,2,8,45,2,4,2,5,5,4,2,4,3,5,3,4,3,1,1,1,2,3,2,3,3,2,2,2,2,3,4.666666667,3.5,3.333333333,1,2.5,2.333333333,2.333333333
258,0,84,1,3,3,2,2,3,90,5,4,2,3,5,4,3,3,3,3,4,5,4,1,1,2,2,2,2,1,2,1,4,2,2,2,4,3,4.333333333,1.333333333,1.75,2.333333333,2
259,1,84,1,3,3,2,2,3,85,4,7,2,2,3,4,4,3,4,5,4,3,3,2,2,2,2,2,2,2,2,2,3,1,1,2,3,4,3.333333333,2,2,2.333333333,1.333333333
260,1,83,1,3,3,2,2,4,60,4,5,4,3,3,3,3,3,3,3,3,2,4,4,4,5,4,3,2,3,3,4,4,3,2,3,3,3,3,4.333333333,3,3.666666667,2.666666667
261,0,84,3,1,3,1,1,2,40,3,3,2,4,4,3,2,2,2,1,4,4,5,4,3,3,3,3,2,3,4,1,4,3,3,3,3.666666667,1.75,4.333333333,3.333333333,2.75,3,3
262,1,84,3,3,2,1,1,1,45,1,4,1,4,5,4,1,3,2,4,3,3,3,2,1,1,1,1,1,2,3,3,4,2,3,1,4.333333333,2.5,3,1.333333333,1.25,3.333333333,2
263,1,84,3,2,2,2,2,3,60,2,7,2,5,5,5,2,2,4,3,4,4,4,1,1,1,1,1,1,2,4,4,4,1,1,1,5,2.75,4,1,1.25,4,1
264,1,84,3,1,3,1,2,2,50,2,2,1,5,5,5,4,4,4,5,4,4,4,3,3,3,3,3,2,2,2,2,3,2,2,2,5,4.25,4,3,2.5,2.333333333,2
265,1,83,3,3,3,2,2,1,50,4,3,2,2,5,3,2,2,3,5,3,4,3,2,2,2,1,1,1,1,1,4,4,1,1,1,3.333333333,3,3.333333333,2,1,3,1
266,1,83,3,1,2,1,2,2,60,4,7,2,4,5,3,3,3,4,5,4,5,4,2,3,3,2,2,2,1,3,3,3,2,2,2,4,3.75,4.333333333,2.666666667,1.75,3,2
267,1,83,3,1,2,2,2,2,80,4,7,2,4,5,5,3,3,4,5,4,5,4,2,2,2,2,2,2,2,3,4,3,2,2,2,4.666666667,3.75,4.333333333,2,2,3.333333333,2
268,1,83,3,2,2,1,1,3,50,2,3,1,5,5,4,3,2,4,5,4,5,4,2,2,2,2,3,2,4,1,1,4,1,1,1,4.666666667,3.5,4.333333333,2,2.75,2,1
269,1,84,1,3,3,2,2,4,60,3,5,2,4,5,4,4,3,3,5,5,5,5,5,5,5,3,3,3,3,2,2,4,1,1,1,4.333333333,3.75,5,5,3,2.666666667,1
270,1,83,2,3,3,2,2,3,65,2,1,2,3,5,4,2,3,2,3,4,4,4,2,2,2,1,1,1,1,3,3,4,1,1,1,4,2.5,4,2,1,3.333333333,1
271,1,83,2,3,3,2,2,3,60,2,5,2,4,3,4,2,3,3,5,4,4,4,1,2,1,2,3,2,2,4,2,4,1,2,2,3.666666667,3.25,4,1.333333333,2.25,3.333333333,1.666666667
272,1,84,2,4,3,2,3,1,70,3,5,3,3,3,4,3,3,4,4,3,5,4,1,1,1,3,3,3,2,4,1,4,1,1,1,3.333333333,3.5,4,1,2.75,3,1
273,1,83,1,3,3,2,2,16,71,3,10,2,5,3,3,2,2,3,5,5,5,5,4,4,4,3,2,2,2,4,1,4,1,1,1,3.666666667,3,5,4,2.25,3,1
274,1,83,1,2,3,2,2,3,83,5,9,3,2,5,4,2,3,2,5,3,4,4,4,4,2,1,2,3,2,3,2,2,1,2,1,3.666666667,3,3.666666667,3.333333333,2,2.333333333,1.333333333
275,1,83,1,3,2,2,2,2,75,4,9,2,3,5,4,2,4,2,5,5,5,5,3,2,2,1,1,1,1,4,3,4,1,1,1,4,3.25,5,2.333333333,1,3.666666667,1
276,1,84,2,3,3,2,2,6,70,3,6,2,3,5,4,4,4,3,5,4,4,4,2,2,2,1,1,1,1,4,3,4,2,2,3,4,4,4,2,1,3.666666667,2.333333333
277,1,84,1,2,2,3,3,2,75.5,3,4,3,2,3,4,2,3,3,5,4,5,4,1,2,2,2,3,3,3,4,2,3,1,1,2,3,3.25,4.333333333,1.666666667,2.75,3,1.333333333
278,1,83,1,3,2,2,2,3,70,2,7,1,2,4,4,4,2,2,2,4,5,5,2,2,2,3,3,3,2,4,1,4,1,1,1,3.333333333,2.5,4.666666667,2,2.75,3,1
279,1,83,1,2,2,2,2,3,75,3,9,3,3,3,4,1,2,3,4,4,4,4,2,2,1,2,2,2,1,3,4,2,2,1,1,3.333333333,2.5,4,1.666666667,1.75,3,1.333333333
280,1,84,2,3,2,2,2,3,65,3,5,2,4,4,4,4,4,4,4,5,5,5,2,2,2,3,3,3,3,3,3,4,2,2,2,4,4,5,2,3,3.333333333,2
281,1,83,1,5,3,2,2,6,72,4,10,2,4,5,5,3,3,3,4,4,4,4,1,1,1,1,1,1,1,1,3,3,1,1,1,4.666666667,3.25,4,1,1,2.333333333,1
282,1,83,1,3,5,2,2,4,70,3,2,2,3,4,4,3,3,3,5,4,4,4,3,3,3,2,2,2,1,4,4,4,1,1,1,3.666666667,3.5,4,3,1.75,4,1
283,1,84,2,3,3,2,2,10,60,2,4,2,4,4,5,3,3,3,3,3,4,4,2,1,2,2,2,2,3,3,3,3,2,2,2,4.333333333,3,3.666666667,1.666666667,2.25,3,2
284,1,83,2,1,3,2,2,3,69,3,7,3,4,5,4,2,3,2,5,4,4,4,2,2,2,1,2,2,2,4,3,2,1,1,1,4.333333333,3,4,2,1.75,3,1
285,1,84,1,3,5,2,2,3,69,2,5,2,3,5,5,3,2,3,5,4,5,4,3,3,3,3,3,2,2,2,2,3,2,2,3,4.333333333,3.25,4.333333333,3,2.5,2.333333333,2.333333333
286,1,83,1,3,1,2,2,2,65,2,6,2,3,4,3,1,2,3,5,3,2,3,2,3,3,2,2,2,2,2,2,3,3,3,2,3.333333333,2.75,2.666666667,2.666666667,2,2.333333333,2.666666667
287,1,83,2,1,3,2,2,2,77.7,4,5,2,4,5,5,2,4,4,5,4,5,4,1,2,2,3,3,2,3,4,4,4,2,2,2,4.666666667,3.75,4.333333333,1.666666667,2.75,4,2
288,1,84,2,3,3,3,3,2,60,2,4,4,4,4,3,2,3,3,5,3,3,3,2,2,2,2,2,3,2,2,2,2,2,2,2,3.666666667,3.25,3,2,2.25,2,2
289,1,84,1,2,1,2,2,3,71.3,4,8,3,3,4,5,2,2,3,5,5,5,5,1,1,1,2,3,2,3,2,3,3,1,1,1,4,3,5,1,2.5,2.666666667,1
290,1,84,1,3,3,3,2,11,70,3,4,2,3,3,4,3,2,4,5,4,5,3,3,3,3,3,2,2,2,3,2,3,2,1,2,3.333333333,3.5,4,3,2.25,2.666666667,1.666666667
291,1,83,1,3,3,2,2,2,80,4,8,2,3,4,4,2,2,2,5,4,3,4,1,1,1,2,2,2,2,3,3,3,2,2,3,3.666666667,2.75,3.666666667,1,2,3,2.333333333
292,1,84,2,3,3,2,2,5,99,2,11,2,4,4,3,2,3,2,4,4,4,4,1,1,1,1,2,1,1,4,4,4,1,1,1,3.666666667,2.75,4,1,1.25,4,1
293,0,83,1,2,2,2,2,2,75.6,3,4,2,2,3,5,3,3,3,5,4,3,5,1,2,1,2,2,2,2,2,2,4,1,1,1,3.333333333,3.5,4,1.333333333,2,2.666666667,1
294,0,84,1,3,3,2,2,8,60,3,11,2,4,5,5,3,4,4,5,5,5,5,1,3,1,3,3,3,4,4,4,4,1,1,1,4.666666667,4,5,1.666666667,3.25,4,1
295,0,83,2,3,3,2,2,5,71,3,5,2,4,5,3,3,3,5,4,4,5,5,2,1,1,2,2,2,3,3,2,4,2,2,2,4,3.75,4.666666667,1.333333333,2.25,3,2
296,0,84,1,3,3,2,2,3,65,3,5,3,2,5,5,2,2,3,3,4,4,4,3,3,3,2,2,2,2,2,2,2,1,1,2,4,2.5,4,3,2,2,1.333333333
297,0,84,1,4,4,2,3,11,64,2,5,2,3,5,4,3,4,3,5,4,5,3,2,1,2,3,3,2,3,3,2,4,1,1,1,4,3.75,4,1.666666667,2.75,3,1
298,1,84,3,3,5,2,2,10,99,4,5,2,3,4,4,2,3,2,4,4,4,4,2,2,2,4,4,3,3,2,1,3,2,2,3,3.666666667,2.75,4,2,3.5,2,2.333333333
299,0,84,1,2,3,2,2,2,64.2,2,6,2,5,5,5,2,3,4,5,5,5,5,1,1,1,3,3,3,3,2,3,3,2,2,2,5,3.5,5,1,3,2.666666667,2
300,0,83,2,3,3,2,2,3,72.7,4,8,2,4,4,4,3,3,4,5,5,5,5,1,1,1,2,1,1,1,4,1,4,1,1,1,4,3.75,5,1,1.25,3,1
301,1,84,1,2,2,2,2,8,54.5,2,3,2,3,4,4,2,3,3,5,2,5,4,2,2,2,2,2,2,1,4,4,2,2,1,1,3.666666667,3.25,3.666666667,2,1.75,3.333333333,1.333333333
302,1,84,2,3,5,2,2,4,57.7,4,8,4,3,4,3,3,3,3,5,4,5,3,1,1,1,3,3,3,3,2,1,1,1,1,2,3.333333333,3.5,4,1,3,1.333333333,1.333333333
303,1,83,1,3,2,2,2,2,74.9,4,5,2,2,5,4,2,3,2,5,4,4,4,2,2,2,3,3,3,2,4,1,3,1,1,1,3.666666667,3,4,2,2.75,2.666666667,1
304,1,84,1,4,4,2,2,3,50.7,3,6,2,4,4,4,2,3,3,5,4,5,4,2,1,1,2,2,2,1,3,2,4,1,1,1,4,3.25,4.333333333,1.333333333,1.75,3,1
305,1,84,1,3,3,2,2,2,43.4,2,5,2,3,3,5,2,3,3,2,3,4,4,4,3,3,2,3,3,3,2,1,3,1,1,2,3.666666667,2.5,3.666666667,3.333333333,2.75,2,1.333333333
306,1,83,2,3,3,4,4,6,71.1,4,4,2,5,4,3,2,1,2,3,4,5,5,2,3,1,2,2,2,3,3,1,1,1,1,3,4,2,4.666666667,2,2.25,1.666666667,1.666666667
307,1,84,1,2,3,2,2,3,56.6,2,4,2,4,5,5,3,3,2,5,5,5,5,3,3,3,2,1,1,1,3,3,3,1,1,1,4.666666667,3.25,5,3,1.25,3,1
308,1,84,1,5,5,2,2,2,46.1,2,9,2,2,4,4,2,2,3,4,3,5,3,3,3,3,4,4,4,4,3,1,4,3,3,3,3.333333333,2.75,3.666666667,3,4,2.666666667,3
309,1,84,1,5,3,2,2,3,55.8,3,3,2,3,5,5,2,2,2,5,4,5,4,2,2,2,1,1,1,1,2,1,1,1,1,1,4.333333333,2.75,4.333333333,2,1,1.333333333,1
310,1,83,1,3,2,2,2,6,58.7,4,3.5,2,4,4,5,2,3,3,5,3,5,5,4,1,1,1,1,1,2,2,1,4,1,1,1,4.333333333,3.25,4.333333333,2,1.25,2.333333333,1
311,1,83,2,2,2,2,4,3,82,3,7,3,4,4,5,3,3,3,5,3,5,3,3,2,3,2,2,2,2,2,2,3,2,1,2,4.333333333,3.5,3.666666667,2.666666667,2,2.333333333,1.666666667
312,1,84,1,3,3,3,4,8,58,1,4,2,4,3,4,3,3,2,5,4,5,4,4,3,3,4,4,3,3,3,3,2,1,2,2,3.666666667,3.25,4.333333333,3.333333333,3.5,2.666666667,1.666666667
313,1,84,3,3,3,2,2,2,64,1,5,2,1,4,5,2,3,3,4,3,4,3,2,2,2,3,2,2,2,2,2,2,2,1,3,3.333333333,3,3.333333333,2,2.25,2,2
314,1,83,1,3,3,2,2,4,80,3,6,2,4,4,5,2,3,2,5,4,4,3,2,2,3,3,3,2,2,2,2,3,2,2,3,4.333333333,3,3.666666667,2.333333333,2.5,2.333333333,2.333333333
315,1,84,3,3,3,2,2,9,58,3,7,2,4,4,5,4,4,4,5,4,4,4,2,2,3,3,3,2,2,1,2,2,3,2,2,4.333333333,4.25,4,2.333333333,2.5,1.666666667,2.333333333
316,1,84,1,4,4,2,2,4,80,5,4,2,4,3,5,2,3,3,5,3,4,2,2,2,2,2,3,2,3,2,1,3,2,2,2,4,3.25,3,2,2.5,2,2
317,1,84,1,3,3,2,4,2,90,5,4,3,4,4,5,2,3,2,3,4,4,4,2,2,2,2,2,2,2,2,2,2,2,2,2,4.333333333,2.5,4,2,2,2,2
318,1,84,1,3,3,2,3,4,70,3,7,3,4,4,4,4,4,4,4,5,5,4,1,1,1,2,1,1,1,3,1,3,1,1,3,4,4,4.666666667,1,1.25,2.333333333,1.666666667
319,1,83,1,3,5,2,2,1,76,3,8,2,3,4,3,2,3,3,5,2,4,4,5,2,1,4,3,3,3,2,4,4,1,1,1,3.333333333,3.25,3.333333333,2.666666667,3.25,3.333333333,1
320,1,83,1,3,3,2,2,2,89,4,5,2,3,4,4,2,3,3,5,4,4,4,2,2,2,3,2,2,2,2,2,3,1,1,1,3.666666667,3.25,4,2,2.25,2.333333333,1
321,1,84,1,5,4,2,4,10,83,4,4,1,3,3,4,3,3,3,5,3,5,4,1,1,1,4,3,2,2,4,2,2,2,2,1,3.333333333,3.5,4,1,2.75,2.666666667,1.666666667
322,1,84,1,4,4,2,4,3,90,5,2,4,4,4,5,2,3,2,2,5,5,5,2,1,2,3,2,2,2,3,2,1,1,1,2,4.333333333,2.25,5,1.666666667,2.25,2,1.333333333
323,1,84,1,2,2,2,4,2,68,3,6,3,4,4,4,3,3,3,5,3,3,3,2,3,2,3,3,2,3,3,3,1,1,1,1,4,3.5,3,2.333333333,2.75,2.333333333,1
324,0,84,1,3,3,2,2,6,60,2,8,2,2,5,5,2,3,5,5,5,5,5,1,1,1,2,3,4,3,2,2,4,1,1,1,4,3.75,5,1,3,2.666666667,1
325,0,84,1,2,2,2,2,1,65,3,7,2,4,5,4,2,3,3,5,4,5,5,1,3,2,1,2,2,2,2,3,3,2,2,2,4.333333333,3.25,4.666666667,2,1.75,2.666666667,2
326,0,83,1,3,5,2,2,6,68,3,10,2,3,3,5,3,4,4,5,4,4,4,1,3,1,2,2,2,1,3,3,4,1,1,2,3.666666667,4,4,1.666666667,1.75,3.333333333,1.333333333
327,1,83,1,4,3,2,2,3,56,4,3,2,3,4,4,2,3,3,5,4,5,4,2,2,2,2,2,2,2,3,3,4,3,2,2,3.666666667,3.25,4.333333333,2,2,3.333333333,2.333333333
328,1,84,1,3,3,2,2,6,70,5,8,3,3,3,5,2,2,2,3,3,5,4,2,2,2,2,2,2,2,3,4,4,1,2,1,3.666666667,2.25,4,2,2,3.666666667,1.333333333
329,1,84,1,3,3,2,2,3,65,3,3,2,4,4,4,2,2,2,5,4,5,4,1,2,3,2,2,2,2,3,2,4,3,2,2,4,2.75,4.333333333,2,2,3,2.333333333
330,1,83,1,3,3,2,2,7,88,4,5,2,3,5,4,2,2,2,5,4,4,5,1,2,2,3,2,2,2,2,1,1,2,1,1,4,2.75,4.333333333,1.666666667,2.25,1.333333333,1.333333333
331,1,84,3,2,3,2,2,3,70.4,3,9,2,5,4,4,2,3,2,5,5,5,5,2,2,2,2,3,2,2,3,3,4,1,1,1,4.333333333,3,5,2,2.25,3.333333333,1
332,1,83,1,3,2,2,2,3,60,2,6,2,5,4,4,3,3,2,4,3,4,3,3,3,3,3,3,3,3,4,3,4,3,3,2,4.333333333,3,3.333333333,3,3,3.666666667,2.666666667
333,1,83,3,3,3,1,2,6,40,1,7,2,2,4,4,2,3,4,5,4,4,4,2,2,2,2,2,2,2,3,1,2,1,1,1,3.333333333,3.5,4,2,2,2,1
334,1,84,1,4,4,2,2,6,70,3,8,2,3,3,3,3,3,3,5,5,5,5,2,2,2,2,2,2,2,2,1,3,1,1,1,3,3.5,5,2,2,2,1
335,1,84,2,4,6,4,2,1,40,1,9,2,5,5,5,4,4,4,5,4,5,4,2,2,2,1,1,1,1,4,2,4,1,1,1,5,4.25,4.333333333,2,1,3.333333333,1
336,0,84,1,1,4,2,2,3,68,3,5,2,3,4,5,3,3,3,4,3,3,3,2,2,2,2,2,2,2,2,1,2,2,2,2,4,3.25,3,2,2,1.666666667,2
337,1,84,2,3,3,2,2,4,78,5,9,2,3,2,4,2,2,2,5,4,4,4,2,2,2,2,2,2,2,2,3,3,2,1,1,3,2.75,4,2,2,2.666666667,1.333333333
338,0,84,1,4,4,2,2,2,71,3,4,2,3,5,4,2,4,4,4,3,3,5,2,1,1,3,3,3,2,2,4,2,1,1,2,4,3.5,3.666666667,1.333333333,2.75,2.666666667,1.333333333
339,1,84,1,3,3,2,2,4,60,3,6,2,3,4,4,2,2,2,5,4,4,4,3,3,4,2,2,3,2,3,2,4,2,1,3,3.666666667,2.75,4,3.333333333,2.25,3,2
340,0,84,1,3,3,3,2,4,80,5,3,2,2,4,3,2,3,2,5,5,5,5,1,1,1,2,2,2,2,3,2,4,1,1,1,3,3,5,1,2,3,1
341,0,84,1,3,3,2,2,2,80,4,5,3,3,5,3,1,2,2,3,4,5,5,2,1,2,3,3,2,3,2,2,3,1,2,2,3.666666667,2,4.666666667,1.666666667,2.75,2.333333333,1.666666667
342,1,83,1,2,3,2,2,2,64,3,2,2,5,5,5,3,3,2,3,4,4,3,2,3,3,3,3,3,2,2,2,2,3,3,3,5,2.75,3.666666667,2.666666667,2.75,2,3
343,1,83,1,3,3,3,3,11,83,5,4,3,4,5,5,3,3,3,5,4,5,4,2,1,2,3,3,3,3,3,3,3,1,1,2,4.666666667,3.5,4.333333333,1.666666667,3,3,1.333333333
344,0,83,3,4,3,3,2,7,80,3,8,3,5,3,4,2,3,3,5,3,4,3,3,1,2,4,3,2,3,4,3,2,2,2,2,4,3.25,3.333333333,2,3,3,2
345,1,83,1,3,3,2,3,5,78,5,4,4,5,4,4,2,4,3,5,4,5,5,2,5,2,4,3,2,3,4,4,2,1,1,1,4.333333333,3.5,4.666666667,3,3,3.333333333,1
346,1,84,1,4,4,3,3,3,60,3,5,3,4,4,4,1,4,4,5,3,3,4,4,2,2,4,3,2,2,4,3,4,2,2,2,4,3.5,3.333333333,2.666666667,2.75,3.666666667,2
347,1,83,2,3,3,2,2,10,60,3,5,2,3,4,5,3,3,4,5,4,4,4,2,1,1,2,2,2,2,2,1,3,1,1,2,4,3.75,4,1.333333333,2,2,1.333333333
348,1,84,1,3,3,2,2,21,75,4,5,2,5,5,5,3,3,3,5,4,4,4,2,2,2,2,2,2,2,3,2,3,1,1,1,5,3.5,4,2,2,2.666666667,1
349,1,84,1,3,3,2,2,10,60,3,5,2,4,4,4,2,3,3,5,4,5,4,2,1,1,1,1,1,1,4,2,4,1,1,1,4,3.25,4.333333333,1.333333333,1,3.333333333,1
350,0,83,3,3,2,2,2,6,70,3,5,2,4,4,4,3,3,4,5,3,3,3,4,2,3,2,2,2,3,3,1,4,2,2,1,4,3.75,3,3,2.25,2.666666667,1.666666667
351,0,84,2,3,3,2,2,2,70,4,10,2,4,3,5,2,3,3,5,5,5,5,1,1,1,1,1,1,1,3,2,2,2,2,2,4,3.25,5,1,1,2.333333333,2
352,0,83,1,2,5,3,2,7,85,5,4,4,3,4,4,2,2,2,5,4,4,4,2,2,2,2,2,2,2,2,2,3,1,1,1,3.666666667,2.75,4,2,2,2.333333333,1
353,1,84,2,3,3,4,2,8,79.8,4,9,2,3,5,5,2,2,4,5,5,5,5,2,2,2,2,1,1,2,3,1,4,1,1,1,4.333333333,3.25,5,2,1.5,2.666666667,1
354,1,83,1,2,3,2,2,2,73.3,3,3,2,4,5,5,3,4,5,5,4,5,4,2,2,2,3,3,3,3,3,3,4,2,2,2,4.666666667,4.25,4.333333333,2,3,3.333333333,2
355,1,84,3,3,4,4,4,4,70,3,9,4,4,4,4,2,3,4,5,4,4,4,2,2,2,2,2,2,2,4,2,4,1,1,1,4,3.5,4,2,2,3.333333333,1
356,1,84,1,5,3,4,4,10,73.7,3,3,3,5,5,5,3,3,4,5,5,4,4,1,3,1,3,3,3,3,3,3,3,2,2,2,5,3.75,4.333333333,1.666666667,3,3,2
357,0,84,1,3,3,3,2,3,74.2,4,3,2,2,3,3,2,3,3,5,4,5,5,1,2,1,1,2,1,2,2,2,3,1,1,1,2.666666667,3.25,4.666666667,1.333333333,1.5,2.333333333,1
358,1,83,2,3,3,2,2,6,68.3,3,6,2,5,4,5,3,3,3,5,4,4,4,1,1,1,2,1,1,1,4,3,4,1,1,1,4.666666667,3.5,4,1,1.25,3.666666667,1
359,1,83,2,5,5,2,2,9,87.3,4,9,2,4,5,4,2,3,2,5,3,5,3,1,1,1,2,3,2,2,2,3,2,2,2,1,4.333333333,3,3.666666667,1,2.25,2.333333333,1.666666667
360,1,84,2,3,2,2,2,16,79.6,4,8,2,4,5,5,3,3,3,3,4,5,4,1,1,1,2,2,2,2,4,2,4,1,2,2,4.666666667,3,4.333333333,1,2,3.333333333,1.666666667
361,1,83,2,4,4,2,2,8,76,3,6,2,4,4,5,3,4,3,5,5,5,5,2,1,2,3,3,2,2,4,2,4,2,2,1,4.333333333,3.75,5,1.666666667,2.5,3.333333333,1.666666667
362,1,83,2,3,3,2,2,6,65.4,2,7,2,3,5,4,2,4,2,5,4,4,1,1,1,1,1,1,1,1,2,1,1,1,1,1,4,3.25,3,1,1,1.333333333,1
363,1,84,3,2,3,2,2,8,63,1,9,2,2,3,4,2,2,4,5,4,4,4,3,3,3,2,2,2,3,2,2,4,1,1,2,3,3.25,4,3,2.25,2.666666667,1.333333333
364,0,84,2,3,4,2,2,4,70.6,2,8,2,4,5,4,2,3,3,4,3,3,4,1,1,1,3,3,2,3,2,2,3,2,3,2,4.333333333,3,3.333333333,1,2.75,2.333333333,2.333333333
365,0,83,1,2,2,2,2,2,60,1,7,2,2,5,5,2,3,2,5,3,3,3,3,3,3,3,4,4,4,1,1,1,2,2,3,4,3,3,3,3.75,1,2.333333333
366,1,83,1,3,1,2,2,2,45,3,5,2,3,5,4,1,2,3,5,3,2,4,3,2,2,3,2,3,2,2,4,3,2,1,1,4,2.75,3,2.333333333,2.5,3,1.333333333
367,1,84,1,3,3,2,2,4,50,1,5,2,2,5,5,2,3,3,5,4,5,4,1,1,1,1,1,1,2,2,1,4,1,1,1,4,3.25,4.333333333,1,1.25,2.333333333,1
368,1,83,1,2,2,2,2,2,71,3,5,2,2,4,4,2,3,5,5,3,3,4,2,2,2,1,2,1,2,2,2,2,1,2,1,3.333333333,3.75,3.333333333,2,1.5,2,1.333333333
369,1,84,1,1,1,2,2,3,59,1,5,2,4,5,3,3,2,2,5,3,4,4,3,2,2,4,4,4,4,4,4,4,1,1,1,4,3,3.666666667,2.333333333,4,4,1
370,1,84,1,3,3,2,2,6,68.2,4,3,2,4,5,5,1,5,4,4,4,4,4,2,2,2,1,3,3,3,4,1,4,1,1,1,4.666666667,3.5,4,2,2.5,3,1
371,1,84,1,2,1,2,2,3,77,4,4,2,5,5,5,2,2,3,5,3,3,4,2,2,2,2,3,2,2,3,2,3,2,2,2,5,3,3.333333333,2,2.25,2.666666667,2
372,1,83,1,2,2,2,4,4,86,5,7,2,3,4,4,2,3,3,5,4,4,4,1,2,2,2,2,2,2,3,1,2,2,2,1,3.666666667,3.25,4,1.666666667,2,2,1.666666667
373,1,84,1,3,3,2,2,2,70,3,7,2,3,4,4,2,3,3,5,4,4,4,2,2,2,2,2,2,1,3,4,3,1,2,1,3.666666667,3.25,4,2,1.75,3.333333333,1.333333333
374,1,83,1,5,3,2,2,2,66,3,6,2,2,5,5,2,2,3,3,5,4,4,1,2,2,1,1,1,2,4,1,3,2,2,1,4,2.5,4.333333333,1.666666667,1.25,2.666666667,1.666666667
375,0,84,1,3,3,2,2,8,50,2,7,2,4,5,5,4,4,4,5,3,3,3,3,3,3,3,3,4,3,3,2,3,2,2,2,4.666666667,4.25,3,3,3.25,2.666666667,2
376,1,84,1,6,4,3,2,7,70,4,4,3,4,5,5,2,2,3,5,4,4,4,3,5,3,3,3,2,2,4,1,2,2,2,2,4.666666667,3,4,3.666666667,2.5,2.333333333,2
377,0,84,1,7,6,4,2,21,80,5,5,3,3,3,4,2,3,5,5,4,4,4,2,2,2,3,3,3,2,3,2,2,1,2,1,3.333333333,3.75,4,2,2.75,2.333333333,1.333333333
378,1,83,1,3,2,4,4,8,58,2,5,4,2,2,4,3,3,4,5,4,4,4,3,3,3,4,4,3,3,3,3,3,2,2,3,2.666666667,3.75,4,3,3.5,3,2.333333333
379,1,83,1,5,5,2,2,11,60,2,7,2,5,5,4,2,3,3,3,3,3,3,3,3,3,1,1,1,1,1,1,1,1,1,1,4.666666667,2.75,3,3,1,1,1
380,1,84,1,1,2,2,2,7,72,3,8,2,4,5,5,3,3,3,5,5,5,5,1,1,1,1,1,1,1,4,4,4,1,1,1,4.666666667,3.5,5,1,1,4,1
381,1,83,2,5,5,3,2,11,69,4,5,4,4,4,4,3,2,2,2,4,5,4,1,1,1,2,2,2,2,4,3,2,2,2,2,4,2.25,4.333333333,1,2,3,2
382,0,83,1,4,4,3,3,8,65,1,5,2,5,5,5,3,3,3,4,5,5,5,2,2,1,3,2,2,2,3,2,4,1,1,1,5,3.25,5,1.666666667,2.25,3,1
383,0,84,1,3,2,2,2,4,79.1,4,5,2,5,5,5,2,3,3,5,5,5,5,1,2,1,2,1,1,1,3,1,4,2,2,1,5,3.25,5,1.333333333,1.25,2.666666667,1.666666667
384,0,83,1,3,3,2,2,11,61,3,7,2,5,5,5,3,3,5,5,5,4,5,2,2,2,3,3,3,2,3,2,4,2,2,2,5,4,4.666666667,2,2.75,3,2
385,0,84,1,6,4,2,2,8,80,4,9,2,4,5,4,2,2,2,3,5,5,5,1,1,1,3,3,3,4,4,1,3,1,1,2,4.333333333,2.25,5,1,3.25,2.666666667,1.333333333
386,0,83,1,2,1,2,1,1,30,1,4,2,3,3,5,2,2,2,3,3,4,3,3,3,3,3,2,2,3,2,1,4,2,2,2,3.666666667,2.25,3.333333333,3,2.5,2.333333333,2
387,1,84,1,5,5,3,2,16,55.2,3,3,3,5,5,4,2,4,3,4,4,5,4,3,4,3,3,3,2,3,3,3,4,2,2,3,4.666666667,3.25,4.333333333,3.333333333,2.75,3.333333333,2.333333333
388,1,83,1,3,3,2,2,3,38,2,6,2,4,5,4,2,3,5,5,4,4,4,3,3,2,2,3,3,2,3,3,4,2,1,3,4.333333333,3.75,4,2.666666667,2.5,3.333333333,2
389,1,83,1,3,2,2,2,6,50,3,4,2,4,4,4,2,3,2,2,4,4,4,1,3,2,3,3,2,2,2,2,2,2,2,2,4,2.25,4,2,2.5,2,2
390,0,84,1,3,3,2,2,3,80,4,5,2,4,5,5,2,3,4,5,4,3,4,1,2,2,1,2,2,2,3,4,4,1,2,1,4.666666667,3.5,3.666666667,1.666666667,1.75,3.666666667,1.333333333
391,0,84,1,3,3,2,2,1,67,4,8,2,3,4,4,3,3,3,4,4,4,3,2,2,2,2,2,2,1,2,2,3,2,2,1,3.666666667,3.25,3.666666667,2,1.75,2.333333333,1.666666667
392,0,83,1,5,3,2,2,4,40,2,7,2,5,5,5,4,4,3,4,4,5,5,1,1,1,2,3,1,2,3,2,1,1,1,1,5,3.75,4.666666667,1,2,2,1
393,1,84,1,3,4,3,2,6,65,4,6,3,4,2,4,3,3,5,3,4,3,4,5,5,2,3,3,3,3,2,3,3,3,2,2,3.333333333,3.5,3.666666667,4,3,2.666666667,2.333333333
394,0,84,1,3,3,2,2,1,80,5,4,2,2,5,2,2,3,2,5,3,3,3,2,3,2,1,1,1,1,4,1,4,1,1,1,3,3,3,2.333333333,1,3,1
395,1,83,1,4,3,2,2,3,69,3,3,2,4,4,4,3,3,4,5,3,3,4,2,1,1,2,2,2,2,1,2,2,2,2,2,4,3.75,3.333333333,1.333333333,2,1.666666667,2
396,1,84,1,3,3,2,2,3,20,2,7,2,4,5,5,4,4,2,5,4,5,3,2,2,2,1,2,2,1,3,3,3,2,2,2,4.666666667,3.75,4,2,1.5,3,2
397,1,84,1,3,3,2,3,2,63,2,5,1,4,4,4,1,4,4,5,4,5,5,3,3,3,4,3,2,3,3,3,3,3,3,3,4,3.5,4.666666667,3,3,3,3
398,0,84,1,4,4,4,3,16,92,5,4,4,3,5,5,4,3,3,3,5,3,4,2,2,2,3,3,3,3,2,2,3,2,2,3,4.333333333,3.25,4,2,3,2.333333333,2.333333333
399,1,84,1,2,2,2,2,5,55,4,10,2,4,5,5,2,2,2,3,3,3,1,3,4,1,3,2,1,4,1,2,1,1,1,1,4.666666667,2.25,2.333333333,2.666666667,2.5,1.333333333,1
400,1,83,1,7,7,4,4,6,70,3,7,4,5,3,5,3,3,3,5,3,3,3,2,2,2,4,4,4,4,4,1,4,1,1,1,4.333333333,3.5,3,2,4,3,1
401,1,83,2,2,6,4,4,4,60,3,2,2,5,5,4,2,3,2,5,5,5,5,2,2,2,3,2,3,3,4,2,4,2,2,2,4.666666667,3,5,2,2.75,3.333333333,2
402,1,84,1,5,5,4,2,9,52,1,12,3,4,4,3,2,3,2,4,5,5,4,1,1,1,3,3,1,2,2,2,3,1,3,1,3.666666667,2.75,4.666666667,1,2.25,2.333333333,1.666666667
403,1,83,1,5,3,3,2,3,50,3,7,3,4,4,4,4,4,3,2,4,4,4,2,2,2,3,4,4,3,3,2,3,2,2,2,4,3.25,4,2,3.5,2.666666667,2
404,1,83,1,4,2,4,4,1,86,4,7,4,4,3,5,2,3,3,3,3,5,4,2,1,3,2,2,2,2,3,2,2,3,3,3,4,2.75,4,2,2,2.333333333,3
405,1,84,1,4,3,2,4,4,50,2,6,2,4,5,5,5,5,3,4,5,5,5,3,1,1,2,3,2,2,3,3,4,2,3,1,4.666666667,4.25,5,1.666666667,2.25,3.333333333,2
406,1,84,1,2,4,3,4,4,73,4,4,3,4,3,5,3,4,2,3,3,4,4,3,2,3,3,3,3,3,3,2,4,3,3,1,4,3,3.666666667,2.666666667,3,3,2.333333333
407,1,83,1,1,2,2,3,5,82,4,11,2,3,4,2,2,2,1,1,4,3,4,2,2,2,1,1,1,1,1,1,2,1,1,1,3,1.5,3.666666667,2,1,1.333333333,1
408,1,83,1,3,3,2,2,4,68.7,3,4,2,3,3,3,3,2,2,5,4,4,4,3,3,3,2,1,1,1,2,3,1,1,1,1,3,3,4,3,1.25,2,1
409,1,84,1,1,2,1,2,2,70,4,4,2,4,4,3,2,2,2,5,4,5,5,2,1,2,3,4,3,2,3,1,1,2,1,1,3.666666667,2.75,4.666666667,1.666666667,3,1.666666667,1.333333333
410,0,83,1,2,2,2,2,6,40,2,8,2,2,5,5,2,4,3,4,3,3,3,2,2,2,3,3,3,3,2,1,3,3,3,3,4,3.25,3,2,3,2,3
411,0,84,2,5,5,2,2,3,89,5,3,3,2,4,3,2,1,1,5,4,5,3,2,3,4,4,2,2,3,3,4,3,1,2,3,3,2.25,4,3,2.75,3.333333333,2
412,1,84,2,3,3,2,2,4,70,5,3.5,2,3,4,5,2,3,3,4,5,5,3,2,1,1,2,4,3,3,2,2,4,3,3,2,4,3,4.333333333,1.333333333,3,2.666666667,2.666666667
413,1,82,1,2,4,2,4,4,68,4,10,4,4,3,5,3,3,4,5,4,5,4,2,3,1,1,1,1,1,4,4,4,2,1,4,4,3.75,4.333333333,2,1,4,2.333333333
414,1,83,1,5,5,4,4,2,68,2,11,2,4,4,4,2,4,3,5,3,5,4,2,2,2,3,2,1,1,4,3,1,1,1,2,4,3.5,4,2,1.75,2.666666667,1.333333333
415,0,83,1,3,2,2,2,1,67,3,5,4,4,4,3,2,3,3,5,4,4,4,2,2,2,2,2,2,2,3,1,3,2,2,4,3.666666667,3.25,4,2,2,2.333333333,2.666666667
416,0,83,1,3,3,2,2,5,78,4,4,3,4,4,3,2,2,2,3,2,3,2,4,4,4,3,3,3,4,2,1,2,4,4,3,3.666666667,2.25,2.333333333,4,3.25,1.666666667,3.666666667
417,1,83,1,4,4,2,2,4,60,3,2,1,4,5,5,3,3,4,5,3,3,3,2,2,2,3,3,3,2,1,3,3,1,1,1,4.666666667,3.75,3,2,2.75,2.333333333,1
418,0,83,1,2,3,2,2,1,68,3,6,2,2,3,3,2,3,2,4,4,4,4,2,1,2,2,2,2,2,3,3,3,2,2,2,2.666666667,2.75,4,1.666666667,2,3,2
419,1,83,1,3,2,2,2,5,57,2,2,2,5,5,3,2,3,2,4,3,4,4,3,3,3,2,2,2,2,3,2,3,1,1,1,4.333333333,2.75,3.666666667,3,2,2.666666667,1
420,1,83,1,3,3,2,2,6,73,4,7,2,3,5,5,2,2,3,4,4,4,4,1,1,1,2,1,2,3,2,2,4,1,1,1,4.333333333,2.75,4,1,2,2.666666667,1
421,0,84,1,2,3,2,2,9,78,4,7,2,3,2,4,3,2,5,4,5,4,2,2,2,4,3,3,2,4,2,4,2,2,2,2,3,3.5,3.666666667,2.666666667,3,2.666666667,2
422,0,83,1,4,4,3,3,8,70,3,11,3,3,3,2,2,2,2,4,4,5,4,2,2,3,4,4,4,3,2,1,2,2,2,4,2.666666667,2.5,4.333333333,2.333333333,3.75,1.666666667,2.666666667
423,1,82,3,1,1,2,3,2,40,1,5,3,3,3,3,1,2,1,5,5,5,5,1,1,1,1,1,1,1,2,4,3,1,1,1,3,2.25,5,1,1,3,1
424,1,83,1,4,4,2,2,21,81,5,6,2,2,2,3,2,2,2,5,3,3,3,1,4,1,3,3,3,3,4,3,2,2,2,3,2.333333333,2.75,3,2,3,3,2.333333333
425,1,84,1,2,3,2,2,3,61,3,5,2,3,3,3,2,2,2,5,3,3,3,3,3,3,4,4,4,4,2,1,2,2,2,2,3,2.75,3,3,4,1.666666667,2
426,1,84,1,2,3,2,3,1,60,3,7,1,3,3,3,2,3,5,5,5,5,5,1,1,1,3,3,3,3,3,2,3,2,2,1,3,3.75,5,1,3,2.666666667,1.666666667
427,0,84,1,3,3,2,2,20,75,4,9,2,4,4,4,3,3,3,5,4,4,3,3,2,2,3,2,3,2,2,1,2,2,2,2,4,3.5,3.666666667,2.333333333,2.5,1.666666667,2
428,1,84,1,2,3,2,3,8,60,5,6,2,3,4,4,2,3,3,4,5,5,5,2,2,2,2,2,2,2,3,3,4,1,1,1,3.666666667,3,5,2,2,3.333333333,1
429,1,84,2,3,3,2,2,4,60,1,3,2,3,5,5,2,3,3,5,3,4,3,3,3,3,3,2,2,1,3,4,2,2,2,3,4.333333333,3.25,3.333333333,3,2,3,2.333333333
430,0,84,1,3,2,2,2,7,60,5,5,2,4,5,5,2,3,3,5,4,5,5,1,1,1,2,2,2,2,2,1,3,1,1,2,4.666666667,3.25,4.666666667,1,2,2,1.333333333
431,0,83,1,3,4,2,2,10,70,4,7,2,2,3,3,2,3,2,2,5,5,5,1,3,1,2,3,3,2,2,1,1,1,1,1,2.666666667,2.25,5,1.666666667,2.5,1.333333333,1
432,1,84,3,4,3,2,2,8,60,4,1,2,3,4,4,2,3,3,4,3,4,3,2,2,2,1,2,1,2,3,3,3,1,2,1,3.666666667,3,3.333333333,2,1.5,3,1.333333333
433,0,84,2,3,2,3,3,3,92,1,4,3,4,5,3,2,2,2,1,5,4,5,2,2,1,2,2,1,2,3,2,3,1,1,1,4,1.75,4.666666667,1.666666667,1.75,2.666666667,1
434,0,84,2,2,4,3,3,7,88,5,2,3,4,3,3,3,3,3,5,4,3,4,1,3,3,3,3,2,3,2,2,3,3,2,3,3.333333333,3.5,3.666666667,2.333333333,2.75,2.333333333,2.666666667
435,1,83,2,3,3,2,2,4,60,4,6,2,4,4,4,2,3,3,4,4,4,4,2,2,2,2,2,2,2,3,3,3,2,2,2,4,3,4,2,2,3,2
436,1,84,1,3,3,3,2,5,77,4,7,4,5,4,4,2,3,4,5,4,4,4,1,2,1,2,1,2,2,4,4,4,1,1,1,4.333333333,3.5,4,1.333333333,1.75,4,1
437,0,84,1,1,2,2,2,6,67,3,4,2,3,5,3,1,3,3,5,4,4,4,2,2,2,1,2,2,2,2,2,2,1,2,1,3.666666667,3,4,2,1.75,2,1.333333333
438,1,84,1,4,3,2,2,5,88,5,5,3,4,4,4,2,3,3,5,4,4,4,1,1,1,3,3,3,3,3,2,3,1,1,1,2.666666667,3.25,4,1,3,2.666666667,1
439,1,84,1,3,3,2,2,9,80,5,7,2,3,4,5,2,3,4,5,5,5,5,2,2,2,2,2,2,2,4,4,4,1,1,1,4,3.5,5,2,2,4,1
440,1,84,2,2,1,2,2,3,40,1,10,2,4,5,5,4,5,4,5,4,4,4,2,2,2,4,3,4,4,3,3,4,1,1,1,4.666666667,4.5,4,2,3.75,3.333333333,1
441,1,83,2,2,2,3,4,3,60,3,10,3,4,4,4,3,3,4,4,4,4,4,3,2,3,3,3,3,3,3,2,3,3,3,3,4,3.5,4,2.666666667,3,2.666666667,3
442,1,84,2,4,4,2,2,6,75,3,6,2,2,5,5,3,3,2,3,3,4,4,2,3,2,3,3,2,1,4,4,3,2,2,3,4,2.75,3.666666667,2.333333333,2.25,3.666666667,2.333333333
443,1,83,1,3,3,2,2,3,32,1,3,2,5,4,4,3,3,4,5,4,4,4,3,3,2,2,3,2,2,4,4,3,1,1,1,4.333333333,3.75,4,2.666666667,2.25,3.666666667,1
444,1,83,1,2,5,3,2,12,66,1,3,3,4,4,4,2,4,4,5,5,5,5,1,1,1,2,3,2,3,3,4,4,1,1,2,4,3.75,5,1,2.5,3.666666667,1.333333333
445,1,83,1,6,3,3,2,14,60,3,3,2,4,5,5,3,2,2,5,3,4,4,2,2,2,1,1,1,1,3,1,4,1,1,1,4.666666667,3,3.666666667,2,1,2.666666667,1
446,1,84,2,3,5,2,2,9,75,1,5,2,4,4,3,3,3,3,4,5,5,5,3,3,1,2,2,2,2,4,2,4,1,1,1,3.666666667,3.25,5,2.333333333,2,3.333333333,1
447,0,84,3,3,2,2,2,2,40,2,9,2,4,2,1,1,3,2,3,5,4,3,2,1,1,2,2,1,2,1,1,2,1,1,2,2.333333333,2.25,4,1.333333333,1.75,1.333333333,1.333333333
448,1,83,1,5,4,2,2,2,78,4,2,2,5,4,4,2,3,4,5,4,4,5,2,2,1,2,2,2,3,4,1,3,2,2,1,4.333333333,3.5,4.333333333,1.666666667,2.25,2.666666667,1.666666667
449,1,84,1,2,1,2,2,8,56,2,3,2,5,5,4,2,3,4,4,5,5,5,1,1,1,1,1,1,1,4,4,4,2,1,2,4.666666667,3.25,5,1,1,4,1.666666667
450,1,83,1,2,3,2,2,6,62,2,6,2,3,5,5,2,3,3,5,4,5,4,1,2,2,3,3,3,3,2,4,3,1,2,2,4.333333333,3.25,4.333333333,1.666666667,3,3,1.666666667
451,1,84,1,5,5,2,2,8,65,3,2,2,5,5,5,2,2,2,3,3,3,3,2,2,2,3,3,4,2,2,2,1,2,1,1,5,2.25,3,2,3,1.666666667,1.333333333
452,0,83,2,3,3,2,2,2,40,2,9,3,4,4,4,2,3,3,5,4,5,4,2,1,1,2,3,3,2,3,2,4,1,1,2,4,3.25,4.333333333,1.333333333,2.5,3,1.333333333
453,1,82,1,5,3,2,2,2,60,3,2,3,4,5,4,2,3,3,5,5,5,5,2,2,1,2,2,1,2,3,2,3,1,2,2,4.333333333,3.25,5,1.666666667,1.75,2.666666667,1.666666667
454,1,84,1,2,2,2,2,3,57,3,2,3,2,5,4,2,3,3,4,5,5,5,4,4,4,3,2,2,2,3,2,3,2,1,1,3.666666667,3,5,4,2.25,2.666666667,1.333333333
455,1,84,1,3,3,4,4,6,69,3,3,4,4,5,5,3,3,3,5,5,5,5,1,1,1,2,2,2,2,2,2,2,1,1,2,4.666666667,3.5,5,1,2,2,1.333333333
456,1,83,1,3,3,2,2,12,59,4,3,2,4,5,5,3,3,3,4,4,4,4,2,2,2,1,2,2,2,3,1,2,1,1,1,4.666666667,3.25,4,2,1.75,2,1
457,1,84,1,2,3,2,3,4,60,2,5,2,2,3,2,2,2,4,4,3,4,3,2,2,1,2,2,3,3,2,2,4,1,1,1,2.333333333,3,3.333333333,1.666666667,2.5,2.666666667,1
458,1,84,1,3,3,2,2,3,77,5,2,2,3,3,4,2,2,2,5,4,4,4,2,2,2,2,2,2,3,3,3,2,3,3,2,3.333333333,2.75,4,2,2.25,2.666666667,2.666666667
459,0,84,1,2,4,2,2,1,64,3,7,2,2,2,3,4,4,2,5,4,5,5,4,5,4,4,4,4,4,4,2,4,1,1,2,2.333333333,3.75,4.666666667,4.333333333,4,3.333333333,1.333333333
460,1,83,1,4,3,2,2,8,80,3,12,2,4,3,5,3,3,3,4,3,3,4,2,2,2,2,2,2,2,2,2,3,1,1,1,4,3.25,3.333333333,2,2,2.333333333,1
461,1,84,1,3,3,2,2,5,92.2,3,3,2,3,5,5,4,3,3,5,5,5,3,3,2,2,3,3,2,2,2,2,2,1,2,3,4.333333333,3.75,4.333333333,2.333333333,2.5,2,2
462,1,83,2,1,3,2,1,2,78.9,4,6,2,4,4,4,2,3,5,5,3,1,5,4,5,2,2,2,3,4,4,1,2,1,1,3,4,3.75,3,3.666666667,2.75,2.333333333,1.666666667
463,1,84,1,5,3,2,2,13,60,3,10,2,2,4,5,2,4,4,3,3,4,4,2,2,2,2,3,2,2,2,3,3,2,2,2,3.666666667,3.25,3.666666667,2,2.25,2.666666667,2
464,0,83,1,3,3,2,2,2,87.5,3,7,2,3,4,4,2,3,3,4,4,4,3,3,2,2,3,2,2,2,3,1,4,1,1,2,3.666666667,3,3.666666667,2.333333333,2.25,2.666666667,1.333333333
465,1,83,1,3,2,2,2,5,75.8,3,5,2,3,4,5,3,3,3,5,4,5,4,3,2,2,3,2,3,2,3,2,4,2,2,2,4,3.5,4.333333333,2.333333333,2.5,3,2
466,1,83,1,3,5,2,2,9,65,3,2,2,5,5,5,2,3,4,4,4,5,5,3,2,2,3,2,3,2,4,1,4,1,1,1,5,3.25,4.666666667,2.333333333,2.5,3,1
467,1,83,1,4,4,2,2,11,59,1,2,2,5,5,5,5,5,5,5,3,3,3,3,3,3,2,2,2,2,2,2,2,2,2,2,5,5,3,3,2,2,2
468,1,83,1,2,2,2,2,6,40,2,10,2,4,5,4,2,3,4,5,3,5,5,2,1,1,2,2,2,3,3,3,4,1,1,1,4.333333333,3.5,4.333333333,1.333333333,2.25,3.333333333,1
469,1,84,1,6,5,2,2,12,85,4,4,2,5,5,5,4,4,3,2,5,5,5,2,4,1,3,3,3,3,3,4,4,2,1,1,5,3.25,5,2.333333333,3,3.666666667,1.333333333
470,1,83,1,6,6,3,3,9,78,4,7,3,5,5,5,5,3,3,5,3,4,4,3,3,1,1,1,2,2,3,3,3,1,1,1,5,4,3.666666667,2.333333333,1.5,3,1
471,1,83,1,3,3,3,3,5,75,3,5,3,5,5,5,2,3,3,4,4,4,4,3,3,2,2,2,2,2,3,3,3,2,2,1,5,3,4,2.666666667,2,3,1.666666667
472,0,85,1,3,4,2,2,3,73,4,4,2,4,5,4,2,3,4,5,3,5,5,4,2,1,3,4,3,2,4,4,3,2,2,2,4.333333333,3.5,4.333333333,2.333333333,3,3.666666667,2
473,0,84,1,3,4,2,2,9,60,3,11,2,3,5,5,3,3,2,5,4,4,4,2,2,2,1,2,2,1,2,3,4,2,1,1,4.333333333,3.25,4,2,1.5,3,1.333333333
474,0,83,1,3,3,2,2,12,72,4,5,2,5,4,4,4,4,3,5,5,5,5,2,1,1,1,1,2,1,4,3,4,1,1,1,4.333333333,4,5,1.333333333,1.25,3.666666667,1
475,0,85,1,3,2,2,2,3,48,2,7,2,4,3,2,3,3,2,5,5,5,3,2,1,1,2,2,2,1,3,2,4,1,1,1,3,3.25,4.333333333,1.333333333,1.75,3,1
476,0,83,1,3,3,2,2,14,74,4,5,2,5,4,5,3,4,3,5,5,3,3,2,2,2,2,4,4,4,3,2,4,4,4,4,4.666666667,3.75,3.666666667,2,3.5,3,4
477,0,84,1,3,3,2,2,5,65,3,4,2,3,5,5,3,4,4,5,5,5,5,2,2,2,3,3,3,3,4,1,2,2,3,2,4.333333333,4,5,2,3,2.333333333,2.333333333
478,1,84,1,2,2,2,2,21,79,3,3,2,5,5,5,4,4,4,5,4,5,5,3,1,1,1,2,1,1,3,3,3,1,1,2,5,4.25,4.666666667,1.666666667,1.25,3,1.333333333
479,0,84,1,4,3,2,2,5,86,5,12,2,4,3,5,2,3,3,3,5,5,5,2,2,2,1,1,1,2,2,2,3,2,2,1,4,2.75,5,2,1.25,2.333333333,1.666666667
480,1,85,3,3,2,2,1,7,3,3,2,2,4,4,4,4,4,4,4,3,3,4,3,3,3,2,2,2,2,2,2,2,2,2,2,4,4,3.333333333,3,2,2,2
481,1,83,1,3,3,2,2,9,70,3,9,2,3,5,4,3,3,3,5,3,5,4,2,2,3,2,3,3,3,2,3,3,3,2,1,4,3.5,4,2.333333333,2.75,2.666666667,2
482,0,84,1,7,7,4,3,3,88,5,4,4,4,5,5,2,4,4,5,3,3,4,4,3,2,2,3,3,3,3,1,2,1,1,1,4.666666667,3.75,3.333333333,3,2.75,2,1
483,1,84,1,2,1,2,2,2,80,3,6,2,2,2,4,2,3,3,5,4,4,4,2,2,2,2,2,2,2,2,2,2,1,1,1,2.666666667,3.25,4,2,2,2,1
484,1,84,3,2,2,2,2,2,74,3,3,2,4,5,3,2,4,5,5,5,5,5,3,3,3,2,2,2,1,2,2,1,1,1,1,4,4,5,3,1.75,1.666666667,1
485,0,82,1,2,3,2,2,6,89,4,6,3,2,5,4,2,2,3,5,5,5,1,1,3,2,2,2,2,3,4,2,2,3,3,4,3.666666667,3,3.666666667,2,2.25,2.666666667,3.333333333
486,0,83,3,3,2,2,2,2,73,2,5,2,3,5,3,2,3,4,5,3,4,3,1,3,3,1,2,1,2,2,1,4,2,1,2,3.666666667,3.5,3.333333333,2.333333333,1.5,2.333333333,1.666666667
487,0,83,1,2,3,4,4,1,81,3,6,4,4,3,4,2,2,2,5,5,5,3,5,3,2,3,3,3,3,3,3,3,2,2,2,3.666666667,2.75,4.333333333,3.333333333,3,3,2
488,1,84,1,3,2,2,2,3,65,2,5,2,3,5,5,2,3,3,3,5,5,5,2,2,2,2,2,2,2,3,3,3,1,1,1,4.333333333,2.75,5,2,2,3,1
489,1,84,1,3,1,2,2,4,61,2,3,2,4,4,4,2,3,3,5,4,3,3,2,2,2,2,2,3,3,2,3,2,2,2,2,4,3.25,3.333333333,2,2.5,2.333333333,2
490,0,83,1,2,3,4,4,5,60,3,2,2,4,4,5,3,4,3,4,4,4,5,4,4,3,4,3,4,2,4,2,2,3,3,3,4.333333333,3.5,4.333333333,3.666666667,3.25,2.666666667,3
491,1,83,1,3,3,2,2,4,55,1,5,2,4,5,5,2,3,3,3,3,3,3,2,1,1,2,2,2,1,3,4,4,1,1,1,4.666666667,2.75,3,1.333333333,1.75,3.666666667,1
492,1,83,1,3,3,2,2,7,70,3,8,2,1,3,4,1,2,2,2,3,3,3,2,2,2,2,1,3,2,1,1,4,1,1,1,2.666666667,1.75,3,2,2,2,1
493,1,84,1,2,3,2,2,2,75,3,3,2,3,4,4,2,2,3,3,3,3,4,4,5,2,2,2,2,3,1,2,2,1,2,1,3.666666667,2.5,3.333333333,3.666666667,2.25,1.666666667,1.333333333
494,0,84,1,3,3,2,2,3,67,3,5,2,5,5,5,2,4,3,5,3,3,3,1,2,1,3,2,2,2,3,2,2,1,2,2,5,3.5,3,1.333333333,2.25,2.333333333,1.666666667
495,0,84,3,2,2,2,2,6,73,3,6,2,4,5,3,2,2,3,2,5,3,5,2,1,1,2,2,3,2,2,2,3,2,2,2,4,2.25,4.333333333,1.333333333,2.25,2.333333333,2
496,0,84,3,2,1,2,2,3,87,3,4,2,2,3,2,1,2,2,5,4,2,4,4,1,1,2,3,3,4,1,1,1,1,1,1,2.333333333,2.5,3.333333333,2,3,1,1
497,0,84,1,2,3,2,2,5,61,1,4,2,1,4,4,3,3,3,4,5,4,4,4,4,4,3,3,3,3,3,1,3,1,1,1,3,3.25,4.333333333,4,3,2.333333333,1
498,0,83,1,3,3,2,2,1,65,3,2,2,2,5,5,1,4,4,4,4,4,5,4,3,2,2,2,1,2,2,2,2,1,1,2,4,3.25,4.333333333,3,1.75,2,1.333333333
499,0,84,3,3,3,2,4,1,82,4,4,4,2,5,2,1,2,5,5,5,5,5,1,1,1,1,1,1,1,1,1,4,1,1,1,3,3.25,5,1,1,2,1
500,1,83,1,3,2,2,2,2,83,4,6,2,5,5,5,5,5,5,5,4,4,4,2,2,2,1,1,1,1,1,1,3,1,1,1,5,5,4,2,1,1.666666667,1
501,1,84,1,3,4,2,2,7,30,2,5,2,4,5,5,4,4,4,5,4,3,5,3,4,2,3,3,3,3,4,2,4,3,3,3,4.666666667,4.25,4,3,3,3.333333333,3
502,1,83,1,2,2,2,2,4,75,3,5,2,3,4,4,2,2,2,5,5,3,3,2,4,2,3,1,2,4,1,2,1,2,2,3,3.666666667,2.75,3.666666667,2.666666667,2.5,1.333333333,2.333333333
503,1,83,1,2,2,2,2,2,70,3,5,2,2,5,5,2,3,3,4,4,4,3,2,2,2,1,1,1,1,2,2,2,1,1,1,4,3,3.666666667,2,1,2,1
504,1,84,1,3,2,2,3,2,68,3,4,2,3,3,4,2,3,3,5,4,3,4,2,2,2,2,3,2,2,3,2,3,1,1,2,3.333333333,3.25,3.666666667,2,2.25,2.666666667,1.333333333
505,1,83,3,3,1,2,2,1,75,3,4,2,3,5,3,2,2,2,3,3,4,3,1,1,1,1,2,2,1,4,1,4,1,1,1,3.666666667,2.25,3.333333333,1,1.5,3,1
506,0,83,1,2,2,2,2,3,89,4,3,2,3,5,4,3,3,3,5,4,4,3,1,1,1,2,2,1,1,3,2,4,1,1,1,4,3.5,3.666666667,1,1.5,3,1
507,0,83,1,2,2,2,2,2,78,4,6,2,3,5,3,2,3,2,5,3,3,3,2,2,2,2,2,3,3,2,3,2,2,2,2,3.666666667,3,3,2,2.5,2.333333333,2
508,1,84,3,2,2,2,2,10,71,2,7,2,4,5,3,3,3,3,5,4,5,4,3,2,2,2,2,2,2,2,1,3,2,2,2,4,3.5,4.333333333,2.333333333,2,2,2
509,1,83,1,3,4,2,2,3,85,5,4,2,3,3,4,3,3,2,5,4,5,4,2,2,2,2,1,1,1,3,2,4,1,1,1,3.333333333,3.25,4.333333333,2,1.25,3,1
510,1,84,2,4,4,2,2,5,70,3,6,2,2,4,5,2,3,3,2,4,5,5,2,2,2,2,3,3,3,2,2,3,1,1,2,3.666666667,2.5,4.666666667,2,2.75,2.333333333,1.333333333
511,1,84,1,3,2,2,2,3,72,3,6,2,2,2,3,3,3,3,5,3,3,3,3,4,4,2,2,2,2,2,2,2,2,2,2,2.333333333,3.5,3,3.666666667,2,2,2
512,1,83,1,3,3,2,2,4,69,1,8,2,5,5,5,2,3,2,5,4,3,3,2,4,2,3,2,2,2,2,2,2,2,2,2,5,3,3.333333333,2.666666667,2.25,2,2
513,1,84,1,5,5,2,2,8,69,2,7,2,4,4,5,3,3,3,5,4,5,4,2,2,2,2,2,2,2,3,2,3,1,1,1,4.333333333,3.5,4.333333333,2,2,2.666666667,1
514,1,85,1,3,3,2,2,5,86,5,6,2,3,2,3,2,3,2,3,3,4,3,2,2,2,3,3,2,3,2,3,3,2,2,2,2.666666667,2.5,3.333333333,2,2.75,2.666666667,2
515,1,83,1,4,4,3,2,5,70,3,7,2,4,4,4,2,3,3,5,4,4,3,2,3,3,2,3,3,3,1,2,3,2,3,2,4,3.25,3.666666667,2.666666667,2.75,2,2.333333333
516,1,84,1,1,2,2,2,3,70,3,4,2,3,3,4,3,3,2,5,3,4,3,3,3,3,3,3,3,3,3,3,3,3,3,3,3.333333333,3.25,3.333333333,3,3,3,3
517,1,83,1,2,3,2,2,4,76,3,5,2,4,5,5,3,3,3,4,4,5,4,3,1,2,2,2,1,2,4,4,3,2,2,2,4.666666667,3.25,4.333333333,2,1.75,3.666666667,2
518,1,84,1,3,3,2,2,5,75,3,1.5,4,4,4,4,3,3,4,4,4,4,4,2,2,2,2,1,2,1,3,1,2,1,1,1,4,3.5,4,2,1.5,2,1
519,1,83,1,3,4,2,2,5,85,4,7,2,4,5,5,2,3,5,5,5,4,5,1,2,2,2,4,3,2,1,1,4,2,1,1,4.666666667,3.75,4.666666667,1.666666667,2.75,2,1.333333333
520,1,84,1,2,2,3,2,5,86,5,7,2,3,4,5,2,3,4,4,5,5,4,1,1,1,2,1,2,2,3,2,4,2,2,2,4,3.25,4.666666667,1,1.75,3,2
521,1,84,1,3,1,2,2,3,82,4,2,2,4,4,3,3,3,4,5,5,5,5,1,1,1,2,2,2,2,3,2,3,1,1,2,3.666666667,3.75,5,1,2,2.666666667,1.333333333
522,0,84,1,3,3,2,2,5,64,2,3,2,4,5,4,2,3,2,5,4,5,5,4,4,4,3,3,3,3,3,3,3,2,2,2,4.333333333,3,4.666666667,4,3,3,2
523,1,83,1,2,3,2,3,2,75,3,8,2,3,3,4,2,2,2,5,5,5,5,1,1,1,2,1,1,2,2,4,4,1,1,1,3.333333333,2.75,5,1,1.5,3.333333333,1
524,1,83,1,3,3,2,2,6,76,4,7,2,5,5,5,3,3,4,3,4,5,4,1,1,1,1,2,2,3,3,2,4,1,1,2,5,3.25,4.333333333,1,2,3,1.333333333
525,1,83,1,4,4,2,2,5,78,4,7,2,4,5,5,2,3,3,5,4,4,4,2,2,2,3,3,2,2,4,3,4,2,2,2,4.666666667,3.25,4,2,2.5,3.666666667,2
526,1,83,1,3,3,2,2,3,78,3,4,1,3,3,4,3,3,2,4,3,3,3,3,3,3,3,3,3,3,3,3,3,3,3,3,3.333333333,3,3,3,3,3,3
527,1,84,1,3,3,2,2,3,86,4,1,2,4,4,5,4,3,4,5,3,3,4,2,3,2,3,3,3,3,3,2,2,2,2,3,4.333333333,4,3.333333333,2.333333333,3,2.333333333,2.333333333
528,1,84,1,2,2,2,2,1,66,1,8,1,3,4,4,4,4,4,5,1,3,3,3,3,3,3,2,2,2,3,2,2,2,3,3,3.666666667,4.25,2.333333333,3,2.25,2.333333333,2.666666667
529,1,84,1,4,3,2,2,7,84,4,8,4,5,5,3,3,3,3,5,3,3,4,2,2,2,2,3,3,2,3,1,2,1,1,1,4.333333333,3.5,3.333333333,2,2.5,2,1
530,1,84,3,3,3,2,2,5,79,3,7,4,5,5,5,2,3,3,5,5,5,5,1,1,1,3,3,3,2,2,2,4,1,2,2,5,3.25,5,1,2.75,2.666666667,1.666666667
