Date,SO2,CO,CO2,O3,PM10,PM25,Nox,NO,NO2,THC,NMHC,CH4,WindSpeed,TEMP,Humidity
Jul-84,85.3,0.99,0,0,77,0,26.84,17.45,8.98,0,0,0,0,0,68.46
Aug-84,96.8,1.13,0,12,79,0,23.3,18.64,0,0,0,0,0,0,67.75
Sep-84,118.1,1.16,0,18.8,75,0,30.23,15.31,18.36,0,0,0,0,0,73.83
Oct-84,112.5,1.23,0,0,98,0,35.56,12.73,22.31,0,0,0,0,0,63.96
Nov-84,96.5,1.15,0,20.8,63,0,38.02,15,22.51,0,0,0,0,0,62.99
Dec-84,86.3,1.29,0,18,75,0,44.89,19.82,25.18,0,0,0,0,0,63.42
Jan-85,85.6,1.13,0,17.7,63,0,80.16,36.76,42.95,0,0,0,0,0,64.29
Feb-85,100.7,1.42,0,23.2,72,0,59.05,25.16,33.01,0,0,0,0,0,57.22
Mar-85,82.3,1.12,0,25.9,71,0,22.22,0,13.83,0,0,0,0,0,62.43
May-85,95.2,1.2,0,18,71,0,35.57,14.86,20.69,0,0,0,0,0,72.41
Jun-85,74.9,1.23,0,21,47,0,26.44,12.41,14.43,0,0,0,0,0,72.75
Jul-85,59,1.01,0,10.4,88,0,26.52,15.13,11.21,0,0,0,0,0,69.68
Aug-85,81.3,0.99,0,0,80,0,31.5,17.76,13.23,0,0,0,0,0,75.67
Sep-85,100.5,1.37,0,0,80,0,44.84,22.67,21.68,0,0,0,0,0,78.33
Oct-85,101.1,1.4,0,23.3,98,0,43.59,18.91,24.14,0,0,0,0,0,76.59
Nov-85,74.6,1.45,0,24.6,109,0,54.46,22.03,31.94,0,0,0,0,0,70.22
Mar-86,52.3,1.52,0,15.3,83,0,56.2,29.02,26.67,0,0,0,0,0,0
Apr-86,44.2,1.44,0,14,93,0,46.77,23.22,23.9,0,0,0,0,0,0
May-86,41.7,1.53,0,10.1,71,0,23.5,12.18,10.88,0,0,0,0,0,89.13
Jun-86,34.5,1.1,0,0,57,0,19.48,9.99,8.98,0,0,0,0,0,0
Jul-86,45.7,0,0,13.1,71,0,22.09,12.11,9.53,0,0,0,0,0,70.58
Aug-86,44.4,0,0,0,69,0,33.3,15.3,17.56,0,0,0,0,0,73.4
Sep-86,53.6,1.45,0,0,80,0,33.05,14.1,16.66,0,0,0,0,0,81.27
Oct-86,43.2,1.52,0,0,108,0,39.54,14.9,24.17,0,0,0,0,0,82.19
Nov-86,45.7,1.35,0,0,98,0,41.14,19.99,20.67,0,0,0,0,0,87.39
Dec-86,41.7,2.04,0,0,100,0,54.13,27.95,25.71,0,0,0,0,0,76.82
Jan-87,57.3,2.01,0,19.7,91,0,52.22,25.38,26.37,0,0,0,0,0,72.41
Feb-87,49.4,1.31,0,0,77,0,48.43,21.05,26.89,0,0,0,0,0,73.48
Mar-87,48.9,1.54,0,0,88,0,52.39,25.8,26.09,0,0,0,0,0,78.73
Apr-87,39.7,1.46,0,18.3,70,0,43.5,20.96,22.05,0,0,0,0,0,77.57
May-87,42.5,1.43,0,0,75,0,31.81,16.23,15.51,0,0,0,0,0,76.38
Jun-87,43.4,1.5,0,16.6,61,0,31.69,14.15,17.04,0,0,0,0,0,73.03
Jul-87,51.1,1.35,0,8,0,0,30.05,18.2,11.6,0,0,0,0,0,72.76
Aug-87,49.8,0,0,9.4,0,0,33.64,17.81,15.48,0,0,0,0,0,65.29
Sep-87,58.4,4,0,17.7,0,0,36.91,15.66,20.8,0,0,0,0,0,81.95
Oct-87,46.2,2.26,0,19,0,0,41.44,18.04,23.18,0,0,0,0,0,84.62
Nov-87,33.2,2.57,0,15.4,118,0,48.61,21.66,26.55,0,0,0,0,0,82.67
Dec-87,36.8,2.09,0,14.7,96,0,62.05,32.44,29.09,0,0,0,0,0,65.28
Jan-88,46.9,2.04,0,12.1,78,0,57.02,31.14,25.62,0,0,0,0,0,59.32
Feb-88,69.2,1.62,0,20.2,71,0,51.51,24.45,26.55,0,0,0,0,0,80.09
Mar-88,72,1.25,0,18.8,94,0,44.28,20.74,23.04,0,0,0,0,0,80.9
Apr-88,71.7,1.82,0,23.3,110,0,49.82,21.1,28.49,0,0,0,0,0,79.39
May-88,78.4,1.76,0,0,90,0,40.86,27.26,14.81,0,0,0,0,0,81.06
Jun-88,46.9,1.53,0,0,59,0,26.6,14.89,11.34,0,0,0,0,0,76.71
Jul-88,57,1.66,0,11,83,0,32.52,17.8,14.2,0,0,0,0,0,61.95
Aug-88,61.8,1.69,0,0,100,0,30.21,17.74,11.99,0,0,0,0,0,49.99
Oct-88,83,2.44,0,17.6,0,0,45.03,19.75,24.73,0,0,0,0,0,79.01
Nov-88,86,1.98,0,17.5,78,0,60.45,28.48,31.58,0,0,0,0,0,74.93
Dec-88,83.2,2.17,0,21,67,0,68.5,35.02,32.89,0,0,0,0,0,79.15
Jan-89,81,1.87,0,0,69,0,50.01,26.22,23.77,0,0,0,0,0,82.78
Feb-89,61.7,1.82,0,16.3,0,0,47.87,22.05,25.31,0,0,0,0,0,72.86
Mar-89,0,2.2,0,22.2,0,0,58.06,25.21,32.73,0,0,0,0,0,73.57
Apr-89,71,2.32,0,17,61,0,46.21,21.83,23.17,0,0,0,0,0,79.26
May-89,60.1,2.16,0,14.8,56,0,43.88,21.57,21.85,0,0,0,0,0,81.78
Jun-89,59.3,1.94,0,11.4,73,0,33.56,16.72,16.34,0,0,0,0,0,78.96
Jul-89,63.3,1.75,0,7.6,59,0,30.42,16.11,13.87,0,0,0,0,0,69.08
Aug-89,74.9,1.98,0,12.7,61,0,33.88,16.15,17.11,0,0,0,0,0,78.4
Sep-89,95.2,2.24,0,16.3,64,0,33.84,16.22,17.06,0,0,0,0,0,74.52
Oct-89,58.1,2.14,0,37.8,93,0,53.54,21.53,31.56,0,0,0,0,0,69.02
Nov-89,72.8,2,0,26.4,82,0,59.79,24.79,34.49,0,0,0,0,0,75.56
Dec-89,74.1,2.32,0,0,104,0,90.07,45.83,43.71,0,0,0,0,0,72.35
Jan-90,54.8,2,0,13.4,76,0,71.29,39.54,31.22,0,0,0,0,0,56.12
Feb-90,59.1,1.99,0,0,84,0,68.22,35.53,32.21,0,0,0,0,0,86.86
Mar-90,57.7,1.74,0,28.2,76,0,59.05,27.02,31.56,0,0,0,0,0,80.3
Apr-90,49.3,0,0,26.9,76,0,78.16,32.71,44.98,0,0,0,0,0,70.4
May-90,37.7,1.55,0,33.3,66,0,52.1,19.88,31.62,0,0,0,0,0,74.1
Jun-90,12.9,1.33,0,0,55,0,44.87,22,22.38,0,0,0,0,0,86.25
Jul-90,23.9,1.29,0,14.8,0,0,33.5,16.8,16.25,0,0,0,0,0,80.55
Aug-90,17.3,1.15,0,24,71,0,31.86,14.52,16.92,0,0,0,0,0,81.92
Sep-90,16.5,1.37,0,25.3,85,0,37.45,12.58,24.63,0,0,0,0,0,79.64
Oct-90,19.6,1.72,0,35.8,120,0,57.53,17.72,39.4,0,0,0,0,0,74.89
Nov-90,40.8,1.72,0,0,129,0,58.38,21.05,36.85,0,0,0,0,0,78.56
Dec-90,22.6,1.57,0,0,158,0,79.77,35.63,43.64,0,0,0,0,0,77.51
Jan-91,30.2,1.38,0,15.8,124,0,62.7,28.93,33.71,0,0,0,0,0,80.57
Feb-91,37.8,1.43,0,17.2,118,0,63.34,27.03,36.03,0,0,0,0,0,78.49
Mar-91,34.5,1.32,0,21,121,0,52.24,21.78,30.08,0,0,0,0,0,80.61
Apr-91,35.1,1.48,0,21.8,102,0,50.47,20.84,29.36,0,0,0,0,0,79.37
May-91,32.3,1.22,0,21.1,86,0,36.48,13.44,22.62,0,0,0,0,0,76.35
Jun-91,30.6,1.07,0,14.4,56,0,31.83,14.02,17.41,0,0,0,0,0,83.71
Jul-91,30.1,1.19,0,12.5,69,0,34.1,14.86,18.72,0,0,0,0,0,84.05
Aug-91,26.6,1.19,0,21.6,79,0,34.35,14.13,19.95,0,0,0,0,0,88.92
Sep-91,23.9,1.39,0,24.5,101,0,41.06,14.22,26.44,0,0,0,0,0,89.56
Oct-91,44.3,1.48,0,23.7,99,0,51.38,18.97,32.24,0,0,0,0,0,71.4
Nov-91,50.3,1.62,0,22.9,104,0,57.86,22.55,34.82,0,0,0,0,0,86.22
Dec-91,60.5,1.86,0,0,99,0,71.43,35.71,35.23,0,0,0,0,0,85.75
Jan-92,48.4,1.68,0,13.2,104,0,63.51,27.12,35.89,0,0,0,0,0,86.37
Feb-92,43.7,1.58,0,17.1,108,0,60.7,24.21,36.04,0,0,0,0,0,86.7
Mar-92,51.9,1.61,0,0,111,0,61.09,22.2,38.66,0,0,0,0,0,85.55
Apr-92,63.5,1.76,0,22,106,0,74.55,29.96,44.13,0,0,0,0,0,80.46
May-92,48.2,1.16,0,24.1,96,0,52.32,18.53,33.38,0,0,0,0,0,79.92
Jun-92,42.6,1.25,0,19.1,75,0,44.94,17.92,27.3,0,0,0,0,0,84.39
Jul-92,33.6,1.09,0,12.1,57,0,40.68,21.23,19.1,0,0,0,0,0,86.48
Aug-92,31.6,1.08,0,12.9,58,0,39.02,16.71,21.79,0,0,0,0,0,88.13
Sep-92,38.5,1.3,0,20,90,0,50.07,19.6,30.21,0,0,0,0,0,81.97
Oct-92,44.2,1.55,0,25,107,0,53.11,17.76,35.15,0,0,0,0,0,74.72
Nov-92,49.8,1.58,0,20.9,132,0,52.43,21.34,30.58,0,0,0,0,0,78.82
Dec-92,56.3,1.91,0,0,139,0,74.6,33.96,40.15,0,0,0,0,0,81.12
Jan-93,38.7,1.49,0,0,81,0,54.14,23.6,30.03,0,0,0,0,0,74.86
Feb-93,52.3,1.7,0,21.4,137,0,65.66,26.14,39.12,0,0,0,0,0,66.65
Mar-93,54.9,1.48,0,15.8,105,0,48.66,19.13,29.33,0,0,0,0,0,83.42
Apr-93,46.7,1.31,0,16.7,89,0,48.57,17.96,30.66,0,0,0,0,0,86.42
May-93,42,1.1,0,17.4,82,0,44.5,16.67,27.43,0,0,0,0,0,84.81
Jun-93,38.1,1.08,0,11.4,55,0,42.38,21.67,20.29,0,0,0,0,0,89.81
Jul-93,26,1.08,0,11.3,50,0,30.25,15.31,14.46,2.308,0.39,1.89,0,0,89.37
Jul-93,7.5,0.57,0,10.5,37,0,19.13,9.57,10.1,0,0,0,0,0,0
Jul-93,4.4,0.31,0,23.4,21,0,12.75,4.04,8.66,0,0,0,0,0,0
Jul-93,5.3,0.48,0,15.7,29,0,19.65,3.68,14.41,0,0,0,0,0,0
Aug-93,7.3,0.37,0,13.2,42,0,23.65,9.66,16.26,0,0,0,0,0,0
Aug-93,7,0.33,0,24.5,0,0,11.37,2.12,0,0,0,0,0,0,0
Aug-93,3.6,0.42,0,20.2,32,0,15.19,2.46,13.25,0,0,0,0,0,0
Aug-93,39.2,1.12,0,13.3,50,0,34.88,16.16,18.22,3.295,0.26,1.92,0,0,88.41
Sep-93,6,0.62,0,33.4,73,0,20.79,2.85,18.13,0,0,0,0,0,0
Sep-93,7.6,0.6,0,27.1,79,0,24.34,7.01,17.96,0,0,0,0,0,0
Sep-93,5.5,0.41,0,36.7,119,0,12.13,1.04,10.8,0,0,0,0,0,0
Sep-93,0,0.94,0,28.2,104,0,25.77,5.87,20.14,2.629,0.843,1.82,0,0,0
Oct-93,7,0.55,0,32.2,91,0,28.41,4.98,23.47,0,0,0,0,0,0
Oct-93,8.7,0.6,0,28.2,101,0,30.68,8.15,23.19,0,0,0,0,0,0
Oct-93,7,0.47,0,34.2,111,0,19.83,3.21,15.86,0,0,0,0,0,0
Oct-93,11.5,0.98,0,28.7,114,0,32.21,7.07,25.27,2.632,0.544,2.08,0,0,0
Nov-93,11.1,1.21,0,20.7,125,0,44.63,14.03,30.76,2.645,0.549,2.08,0,0,0
Nov-93,7.3,0.76,0,20.6,103,0,39.26,14.31,25.25,0,0,0,0,0,0
Nov-93,6.4,0.59,0,24.7,101,0,28.71,7.19,20.65,0,0,0,0,0,0
Nov-93,6.6,0.68,0,22.8,106,0,40.88,9.97,30.68,0,0,0,0,0,0
Dec-93,11,1.2,0,15.1,125,0,49.91,18.42,31.55,2.555,0.549,2.01,0,0,0
Dec-93,7.6,0.68,0,20,106,0,46.13,12.01,32.54,0,0,0,0,0,0
Dec-93,7.3,0.61,0,24.4,113,0,34.39,8.75,25.49,0,0,0,0,0,0
Dec-93,8.1,0.73,0,19.4,108,0,45.48,16.22,26.79,0,0,0,0,0,0
Jan-94,11.3,1.23,0,16.9,114,0,42.94,13.79,29.13,2.377,0.47,1.99,0,0,0
Jan-94,8.5,0.77,0,20.7,102,0,43.43,13.97,28.11,0,0,0,0,0,0
Jan-94,8,0.73,0,19.6,97,0,43.43,10.8,31.23,0,0,0,0,0,0
Jan-94,8.2,0.66,0,22,107,0,30.39,6.09,23.49,0,0,0,0,0,0
Feb-94,8.8,1.14,0,17.2,112,0,37.68,12.11,25.37,2.576,0.51,2.06,0,0,0
Feb-94,5.6,0.61,0,21.9,86,0,25.37,4.04,20.28,0,0,0,0,0,0
Feb-94,6.4,0.74,0,21.7,87,0,32.7,11.33,21.17,0,0,0,0,0,0
Feb-94,6.3,0.72,0,18.7,82,0,39.17,0,29.1,0,0,0,0,0,0
Mar-94,9.6,1.12,0,21.2,132,0,38.71,10.97,27.77,2.652,0.54,2.13,0,0,0
Mar-94,7.3,0.57,0,27.1,94,0,26.27,3.93,21.71,0,0,0,0,0,0
Mar-94,7.9,0.72,0,25.8,113,0,34.47,10.12,25.05,0,0,0,0,0,0
Mar-94,7.1,0.66,0,27,89,0,0,0,0,0,0,0,0,0,0
Apr-94,5.1,0.62,0,25.5,70,0,25.76,4.19,20.7,0,0,0,0,0,0
Apr-94,8.4,0.85,0,20.7,107,0,27.21,7.79,19.48,2.28,0.37,1.89,0,0,0
Apr-94,5.9,0.52,0,28.9,74,0,20.46,3.57,15.25,0,0,0,0,0,0
Apr-94,6.3,0.69,0,25.4,108,0,25.06,8.96,15.56,0,0,0,0,0,0
May-94,5.1,0.45,0,34.5,58,0,16.87,3.01,12.82,0,0,0,0,0,0
May-94,5.5,0.66,0,26.8,78,0,21.63,7.38,12.5,0,0,0,0,0,0
May-94,7.3,0.78,0,24.8,86,0,24.32,6.01,18.33,2.134,0.31,1.8,0,0,0
May-94,4.5,0.59,0,27.6,58,0,18.48,2.76,14.2,0,0,0,0,0,0
Jun-94,7.1,0.7,0,14.6,55,0,26.55,11.92,14.24,0,0,0,0,0,0
Jun-94,7.8,0.71,0,15.1,62,0,25.07,10.14,14.93,2.17,0.32,1.84,0,0,0
Jun-94,3.7,0.51,0,17.6,30,0,15.44,3.29,10,0,0,0,0,0,0
Jun-94,5,0.37,0,27.3,25,0,11.71,2.15,8.24,0,0,0,0,0,0
Jul-94,3.7,0.37,0,31.4,33,0,11.03,1.76,8.9,0,0,0,0,0,0
Jul-94,4.9,0.59,0,20.6,55,0,22.52,8.32,13.51,0,0,0,0,0,0
Jul-94,5.8,0.7,0,18,71,0,21.82,5.87,15.95,2.285,0.31,1.97,0,0,0
Jul-94,2.4,0.48,0,23.4,37,0,17.74,2.33,15.44,0,0,0,0,0,0
Aug-94,3,0.33,0,26.5,26,0,9.49,1.7,7.79,0,0,0,0,0,0
Aug-94,3.9,0.58,0,14.5,43,0,20.63,6.75,13.54,0,0,0,0,0,0
Aug-94,2.7,0.45,0,17.4,32,0,12.1,2.3,9.79,0,0,0,0,0,0
Aug-94,5,0.72,0,13.8,56,0,22.73,7.84,14.89,2.388,0.33,2.05,0,0,0
Sep-94,9.7,0.9,0,26.7,103,0,28.61,5.4,23.21,2.571,0.41,2.15,0,0,0
Sep-94,5.7,0.61,0,30.4,68,0,21.32,3.23,18.09,0,0,0,0,0,0
Sep-94,6.1,0.49,0,38.1,64,0,16.12,1.86,14.26,0,0,0,0,0,0
Sep-94,7.1,0.68,0,30.5,82,0,25.73,6.18,19.55,0,0,0,0,0,0
Oct-94,9,0.95,0,30.8,128,0,31.17,6.53,24.7,2.445,0.45,2.08,0,0,0
Oct-94,5.9,0.61,0,31.5,88,0,35.74,6.09,28.77,0,0,0,0,0,0
Oct-94,6.6,0.83,0,34.1,96,0,28.99,6.95,22.3,0,0,0,0,0,0
Oct-94,5.7,0.51,0,38.4,81,0,19.02,3.09,15.87,0,0,0,0,0,0
Nov-94,7.8,0.8,0,25,116,0,39.15,13.14,26.92,0,0,0,0,0,0
Nov-94,7.3,0.61,0,34.8,107,0,29.76,8.53,21.24,0,0,0,0,0,0
Nov-94,7.3,0.8,0,26.6,102,0,43.05,15.96,27.09,0,0,0,0,0,0
Nov-94,11.7,1.38,0,27,149,0,48.89,15.05,33.84,3.13,0.69,2.43,0,0,0
Dec-94,7.8,0.72,0,17.3,108,0,37.1,11.61,25.49,0,0,0,0,0,0
Dec-94,7.9,0.63,0,25.1,98,0,29.94,8.4,21.54,0,0,0,0,0,0
Dec-94,7,0.65,0,15.5,99,0,35.53,11.26,24.27,0,0,0,0,0,0
Dec-94,10.4,1.15,0,17.2,131,0,44.5,14.45,30.05,3.055,0.62,2.44,0,0,0
Jan-95,10,1.07,0,18.9,119,0,48.19,14.75,33.44,2.632,0.43,2.2,0,0,0
Jan-95,7.2,0.64,0,17.1,95,0,38.52,12.61,25.91,0,0,0,0,0,0
Jan-95,7.9,0.66,0,16.7,94,0,38.4,12.41,26.83,0,0,0,0,0,0
Jan-95,8,0.59,0,25.5,93,0,30.2,6.8,23.53,0,0,0,0,0,0
Feb-95,8,0.99,0,17,122,0,43.97,11.95,32.02,2.86,0.66,2.2,0,0,0
Feb-95,7.1,0.55,0,23.2,84,0,27.02,4.76,22.87,0,0,0,0,0,0
Feb-95,6.5,0.51,0,17.1,86,0,33.12,6.85,26.27,0,0,0,0,0,0
Feb-95,6.6,0.54,0,16.4,83,0,36.18,7.44,29.07,0,0,0,0,0,0
Mar-95,9.3,1.09,0,16.2,132,0,46.52,15.25,31.27,3.03,0.88,2.15,0,0,0
Mar-95,8.3,0.64,0,26.4,97,0,31.78,8.05,23.73,0,0,0,0,0,0
Mar-95,7.8,0.61,0,17.2,108,0,37.72,10.88,26.88,0,0,0,0,0,0
Mar-95,6.8,0.69,0,16.3,104,0,37.39,10.15,27.24,0,0,0,0,0,0
Apr-95,6,0.61,0,20.9,83,0,25.44,5.47,20.09,0,0,0,0,0,0
Apr-95,9.6,0.9,0,19.2,103,0,33.41,10.1,23.31,2.908,0.95,2.03,0,0,0
Apr-95,7.1,0.53,0,30.6,69,0,20.79,4.48,16.31,0,0,0,0,0,0
Apr-95,7.4,0.56,0,20,88,0,31.02,9.77,21.25,0,0,0,0,0,0
May-95,4.3,0.47,0,29.9,49,0,17.72,3.61,14.12,0,0,0,0,0,0
May-95,7.4,0.55,0,19.5,75,0,24.3,7.57,16.74,0,0,0,0,0,0
May-95,9,0.87,0,19.2,89,0,33.58,9.9,23.45,3.015,0.97,2.04,0,0,0
May-95,5.6,0.56,0,20.2,63,0,22.19,4.53,17.69,0,0,0,0,0,0
Jun-95,6,0.45,0,16.4,51,0,19.16,7.67,11.49,0,0,0,0,0,0
Jun-95,7.3,0.52,0,12.3,52,0,22.46,7.33,15.13,0,0,0,0,0,0
Jun-95,4.4,0.47,0,16.4,34,0,13.27,2.97,10.46,0,0,0,0,0,0
Jun-95,5.2,0.35,0,26.2,27,0,12.83,3.77,9.16,0,0,0,0,0,0
Jul-95,4.8,0.33,0,31.8,22,0,10.81,2.97,7.84,0,0,0,0,0,0
Jul-95,6.3,0.46,0,15,41,0,20.33,8.58,11.86,0,0,0,0,0,0
Jul-95,6.9,0.63,0,11.4,49,0,23.22,8.42,14.8,2.417,0.25,2.17,0,0,0
Jul-95,3.2,0.41,0,15.9,29,0,12.58,2.31,10.38,0,0,0,0,0,0
Aug-95,3.4,0.33,0,32.2,28,0,11.18,2.04,9.14,0,0,0,0,0,0
Aug-95,6.5,0.48,0,18.2,50,0,20.29,7.85,12.45,0,0,0,0,0,0
Aug-95,3.2,0.46,0,16.4,44,0,16.14,3.12,13.05,0,0,0,0,0,0
Aug-95,5.8,0.73,0,14.5,64,0,24.39,7.21,17.18,2.424,0.29,2.13,0,0,0
Sep-95,7.1,0.85,0,20.9,88,0,25.58,4.88,20.7,2.056,0.28,1.78,0,0,0
Sep-95,4.5,0.52,0,23.3,64,0,19.09,2.58,16.64,0,0,0,0,0,0
Sep-95,3.8,0.43,0,46,55,0,15.03,2.66,12.62,0,0,0,0,0,0
Sep-95,5.8,0.5,0,28.4,72,0,19.55,4.68,14.87,0,0,0,0,0,0
Oct-95,10.3,0.97,0,21.7,116,0,37.53,9.26,28.27,2.261,0.39,1.87,0,0,0
Oct-95,6.2,0.57,0,22.1,87,0,28.36,5.99,22.37,0,0,0,0,0,0
Oct-95,8,0.55,0,29.1,93,0,26.96,7.07,19.89,0,0,0,0,0,0
Oct-95,6.7,0.54,0,38.2,83,0,23.72,5.27,18.46,0,0,0,0,0,0
Nov-95,6.9,0.64,0,19.8,106,0,35.59,8.82,26.77,0,0,0,0,0,0
Nov-95,7.6,0.56,0,25.2,101,0,28.67,6.44,22.23,0,0,0,0,0,0
Nov-95,9,0.6,0,27.9,101,0,32.42,9.35,23.31,0,0,0,0,0,0
Nov-95,10.5,0.98,0,18.2,117,0,43.09,11.31,31.78,2.72,0.46,2.25,0,0,0
Dec-95,8.1,0.69,0,16.1,94,0,38.21,11.14,27.08,0,0,0,0,0,0
Dec-95,8.6,0.6,0,21.7,98,0,32.11,7.29,24.85,0,0,0,0,0,0
Dec-95,9.2,0.61,0,24,102,0,34.12,9.73,24.39,0,0,0,0,0,0
Dec-95,10.9,1,0,14.1,112,0,46.32,13.5,32.82,2.622,0.39,2.23,0,0,0
Jan-96,7.3,0.74,0,16.8,97,0,40.43,12.72,27.76,0,0,0,0,0,0
Jan-96,8.7,0.68,0,24,108,0,39.24,14.64,24.6,0,0,0,0,0,0
Jan-96,7.7,0.64,0,21.6,97,0,31.32,7.47,23.85,0,0,0,0,0,0
Jan-96,10.1,0.98,0,15.3,124,0,47.96,15.42,32.53,2.576,0.31,2.27,0,0,0
Feb-96,4.7,0.56,0,24.2,72,0,25.74,4.35,21.39,0,0,0,0,0,0
Feb-96,6,0.53,0,27.8,83,0,29.01,7.42,21.64,0,0,0,0,0,0
Feb-96,4.9,0.47,0,24.2,74,0,22.36,3.32,19.05,0,0,0,0,0,0
Feb-96,7.3,0.76,0,19.6,95,0,36.01,9.03,26.98,2.486,0.29,2.2,0,0,0
Mar-96,7.7,0.68,0,26.2,92,0,29.21,5.22,24.13,0,0,0,0,0,0
Mar-96,8.4,0.58,0,26.1,100,0,25.76,4.14,21.66,0,0,0,0,0,0
Mar-96,10.4,0.88,0,22.5,121,0,37.27,9.51,27.72,2.691,0.43,2.26,0,0,0
Mar-96,9.1,0.64,0,0,117,0,31.27,8.14,23.14,0,0,0,0,0,0
Apr-96,7,0.85,0,23.4,94,0,34.77,7.37,27.4,2.966,0.49,2.48,0,0,0
Apr-96,5.7,0.35,0,30.7,82,0,27.82,5.56,22.11,0,0,0,0,0,0
Apr-96,4.8,0.61,0,29.3,71,0,26.78,3.74,23.05,0,0,0,0,0,0
Apr-96,4.2,0.51,0,25.7,70,0,21.95,3.23,19.15,0,0,0,0,0,0
May-96,4.9,0.65,0,32.3,55,0,20.06,2.9,17.56,0,0,0,0,0,0
May-96,7.2,0.8,0,26.1,80,0,25.93,5.02,20.9,2.762,0.42,2.34,0,0,0
May-96,6.9,0.52,0,35.2,73,0,23.37,5.16,18.14,0,0,0,0,0,0
May-96,5.1,0.46,0,27.9,55,0,15.64,1.97,13.68,0,0,0,0,0,0
Jun-96,6.8,0.5,0,12.5,41,0,20.88,8.35,12.52,2.409,0.28,2.13,0,0,0
Jun-96,6.7,0.45,0,17.2,33,0,18.8,7.7,11.09,0,0,0,0,0,0
Jun-96,3.3,0.49,0,27.2,25,0,13.98,2.88,11.12,0,0,0,0,0,0
Jun-96,4.5,0.32,0,13.9,24,0,12.57,3.14,9.43,0,0,0,0,0,0
Jul-96,6.2,0.58,0,14.9,50,0,20.86,6.91,13.64,2.498,0.27,2.23,0,0,0
Jul-96,3.6,0.33,0,18.8,26,0,11.49,2.6,8.9,0,0,0,0,0,0
Jul-96,5.3,0.38,0,23.7,39,0,17.23,4.98,12.24,0,0,0,0,0,0
Jul-96,2.2,0.5,0,21.6,34,0,13.07,2.22,10.85,0,0,0,0,0,0
Aug-96,3.9,0.41,0,23.9,39,0,15.92,4.24,11.76,0,0,0,0,0,0
Aug-96,1.4,0.51,0,20.5,37,0,11.12,1.66,9.57,0,0,0,0,0,0
Aug-96,2.5,0.34,0,19.1,23,0,9.8,1.87,7.96,0,0,0,0,0,0
Aug-96,4.7,0.6,0,13.4,52,0,18.61,5.26,13.35,2.563,0.29,2.27,0,0,0
Sep-96,6.4,0.76,0,22.4,73,0,23.06,4.19,18.87,2.734,0.38,2.35,0,0,0
Sep-96,2.1,0.6,0,32,64,0,15.59,1.48,14.12,0,0,0,0,0,0
Sep-96,4.7,0.51,0,36.6,68,0,18.56,3.17,15.45,0,0,0,0,0,0
Sep-96,2.8,0.39,0,31.1,53,0,12.8,1.7,11.15,0,0,0,0,0,0
Oct-96,4.2,0.67,0,28.3,86,0,27.54,6.38,21.17,0,0,0,0,0,0
Oct-96,4.6,0.52,0,32.1,80,0,22.35,4.9,17.41,0,0,0,0,0,0
Oct-96,6.5,0.59,0,34.7,91,0,28.8,6.82,21.89,0,0,0,0,0,0
Oct-96,8.9,1,0,21.8,106,0,36.2,9.26,26.91,3.003,0.55,2.46,0,0,0
Nov-96,5.2,0.55,0,25.4,102,0,25.66,5.27,20.46,0,0,0,0,0,0
Nov-96,7,0.57,0,29.6,106,0,31.68,7.13,24.58,0,0,0,0,0,0
Nov-96,4.9,0.67,0,25,113,0,29.3,6.49,22.81,0,0,0,0,0,0
Nov-96,9,1,0,19.8,125,0,40.48,11.06,29.42,3.099,0.59,2.51,0,0,0
Dec-96,6.4,0.65,0,21.1,111,0,39.38,11.31,28.16,0,0,0,0,0,0
Dec-96,7.2,0.54,0,22.7,116,0,33.34,8.03,25.31,0,0,0,0,0,0
Dec-96,7.6,0.49,0,27,105,0,37.17,9.75,27.43,0,0,0,0,0,0
Dec-96,9.4,0.98,0,17.2,128,0,47.9,13.98,33.92,2.99,0.58,2.41,0,0,0
Jan-97,7.5,0.53,0,24.7,98,0,36.73,9.44,27.29,0,0,0,0,0,0
Jan-97,8.5,0.97,0,16.3,116,0,47.23,13.94,33.29,2.897,0.56,2.34,0,0,0
Jan-97,6.9,0.56,0,20.7,107,0,33.74,7.88,25.87,0,0,0,0,0,0
Jan-97,6.1,0.63,0,19.5,94,0,36.9,9.4,27.51,0,0,0,0,0,0
Feb-97,5.2,0.89,0,18.1,96,0,40.31,10.91,29.4,2.865,0.49,2.37,0,0,0
Feb-97,3.8,0.56,0,21.9,73,0,27.61,4.57,23.08,0,0,0,0,0,0
Feb-97,4.5,0.48,0,26,74,0,26.88,4.69,22.19,0,0,0,0,0,0
Feb-97,3.9,0.5,0,20.9,89,0,25.38,3.7,21.7,0,0,0,0,0,0
Mar-97,7.4,0.86,0,27.6,100,0,36.87,9.26,27.61,2.989,0.51,2.48,0,0,0
Mar-97,6.5,0.54,0,33.9,85,0,27.24,5.94,21.3,0,0,0,0,0,0
Mar-97,5.9,0.52,0,30.4,97,0,21.98,3.51,18.34,0,0,0,0,0,0
Mar-97,5.2,0.62,0,29.2,95,0,27.23,4.21,23.01,0,0,0,0,0,0
Apr-97,7.9,0.57,0,35.6,83,0,25.84,4.55,21.36,0,0,0,0,0,0
Apr-97,7.6,0.86,0,28.4,101,0,32.41,6.87,25.54,2.951,0.49,2.46,0,0,0
Apr-97,5.6,0.56,0,33.4,95,0,20.68,3.22,17.46,0,0,0,0,0,0
Apr-97,6.6,0.69,0,32,79,0,26.28,4.2,22.08,0,0,0,0,0,0
May-97,7,0.7,0,25,54,0,25.39,6.69,18.61,2.962,0.45,2.51,0,0,0
May-97,6.1,0.55,0,32,59,0,21.72,5.47,16.38,0,0,0,0,0,0
May-97,3.9,0.61,0,27.4,49,0,18.81,2.91,15.9,0,0,0,0,0,0
May-97,2.1,0.43,0,25.8,50,0,15.81,3.49,12.37,0,0,0,0,0,0
Jun-97,2,0.51,0,21.4,26,0,10.83,1.29,9.59,0,0,0,0,0,0
Jun-97,5.2,0.51,0,24.4,35,0,19.14,4.79,14.35,0,0,0,0,0,0
Jun-97,5.9,0.58,0,17.1,32,0,20.43,5.35,15.08,2.508,0.3,2.22,0,0,0
Jun-97,2.9,0.35,0,20,25,0,10.15,1.85,8.36,0,0,0,0,0,0
Jul-97,5.6,0.48,0,25.1,41,0,20.33,6.07,14.26,0,0,0,0,0,0
Jul-97,5.5,0.59,0,19.6,43,0,22.02,6.63,15.38,2.958,0.42,2.54,0,0,0
Jul-97,2.6,0.53,0,22.8,34,0,14.07,2.37,11.65,2.356,0.11,2.24,0,0,0
Jul-97,3.8,0.33,0,23.2,33,0,10.05,1.93,8.16,0,0,0,0,0,0
Aug-97,4.5,0.53,0,23.8,41,0,17.52,3.98,13.53,0,0,0,0,0,0
Aug-97,5,0.61,0,17.2,40,0,19.63,5.03,14.61,2.329,0.22,2.11,0,0,0
Aug-97,4.5,0.34,0,19.4,30,0,10.57,2.29,8.32,0,0,0,0,0,0
Aug-97,2.4,0.54,0,19.9,33,0,11.47,1.32,10.16,2.308,0.11,2.2,0,0,0
Sep-97,5.1,0.6,0,25.1,54,0,20.35,3.07,17.06,2.329,0.14,2.2,0,0,0
Sep-97,6.3,0.45,0,27,50,0,15.48,2.33,13.18,0,0,0,0,0,0
Sep-97,7.8,0.75,0,23.8,62,0,27.29,6.12,21.17,2.574,0.32,2.26,0,0,0
Sep-97,6.8,0.53,0,30.5,56,0,21.26,4.52,16.75,0,0,0,0,0,0
Oct-97,6.9,0.54,0,34.5,76,0,21.57,3.79,17.79,0,0,0,0,0,0
Oct-97,8.5,0.58,0,35.5,81,0,25.56,5.11,20.42,0,0,0,0,0,0
Oct-97,7.3,0.64,0,36,78,0,29.77,5.4,24.36,2.618,0.18,2.41,0,0,0
Oct-97,9.3,0.88,0,33.1,97,0,33.98,7.14,26.83,2.634,0.38,2.26,0,0,0
Nov-97,7,0.71,0,34.1,97,0,34.23,7.69,26.62,2.651,0.27,2.38,0,0,0
Nov-97,6.7,0.54,0,29,78,0,24.71,5.18,19.65,0,0,0,0,0,0
Nov-97,8.4,0.67,0,32.1,90,0,34.55,9.63,24.92,0,0,0,0,0,0
Nov-97,8.6,0.93,0,28.1,115,0,39.89,10.45,29.44,2.464,0.46,2,0,0,0
Dec-97,7.6,0.72,0,22.1,80,0,40.72,12.02,28.53,2.63,0.24,2.39,0,0,0
Dec-97,7.3,0.57,0,19,89,0,30.94,8.37,22.51,0,0,0,0,0,0
Dec-97,8.6,0.68,0,21.3,74,0,36.26,10.99,25.27,0,0,0,0,0,0
Dec-97,8.1,1.02,0,16.7,104,0,47.89,16.14,31.75,2.278,0.5,1.77,0,0,0
Jan-98,7,1.02,0,18.7,97,0,45.19,14.63,30.56,2.605,0.46,2.15,0,0,0
Jan-98,7.2,0.7,0,24.6,67,0,34.92,10.09,24.99,0,0,0,0,0,0
Jan-98,6.7,0.65,0,22.3,79,0,28.73,6.93,21.81,0,0,0,0,0,0
Jan-98,6.5,0.79,0,23.3,69,0,36.37,9.8,26.57,2.533,0.21,2.33,0,0,0
Feb-98,5.7,0.66,0,20.4,61,0,33.68,7.61,26.07,2.352,0.27,2.08,0,0,0
Feb-98,7,0.67,0,21.7,62,0,35.27,8.98,26.29,0,0,0,0,0,0
Feb-98,6.4,0.97,0,14.7,88,0,43.11,13.52,29.61,2.734,0.47,2.27,0,0,0
Feb-98,5.8,0.57,0,17.6,71,0,26.73,5.58,21.28,0,0,0,0,0,0
Mar-98,7.7,1.05,0,21.6,103,0,41.39,11.21,30.18,2.764,0.47,2.29,0,0,0
Mar-98,7.5,0.7,0,30.7,81,0,32.41,6.2,26.27,0,0,0,0,0,0
Mar-98,6,0.66,0,32.7,76,0,35.03,9.43,25.6,2.935,0.26,2.67,0,0,0
Mar-98,5.8,0.61,0,24.4,93,0,25.74,4.6,21.2,0,0,0,0,0,0
Apr-98,3.8,0.48,0,23.8,61,0,16.34,2.12,14.23,0,0,0,0,0,0
Apr-98,4.3,0.59,0,35.9,57,0,0,0,0,2.644,0.17,2.48,0,0,0
Apr-98,5.8,0.67,0,30,60,0,25.32,5.7,19.62,0,0,0,0,0,0
Apr-98,6.9,0.82,0,21.9,73,0,30.34,8.35,21.99,2.413,0.36,2.05,0,0,0
May-98,5.7,0.57,0,29,43,0,22.56,5.24,17.32,0,0,0,0,0,0
May-98,3.9,0.53,0,36.4,36,0,19.62,4.16,15.43,2.49,0.13,2.36,0,0,0
May-98,6.5,0.77,0,21.6,52,0,25.87,6.92,18.95,2.439,0.29,2.15,0,0,0
May-98,4,0.42,0,23.9,39,0,14.32,3.03,11.54,0,0,0,0,0,0
Jun-98,5,0.59,0,17.3,29,0,22.42,7.37,15,0,0,0,0,0,0
Jun-98,2.9,0.45,0,16.8,20,0,12.91,2.38,10.53,2.429,0.12,2.31,0,0,0
Jun-98,6.4,0.61,0,11.6,34,0,21.51,8.2,13.31,2.325,0.23,2.09,0,0,0
Jun-98,4.3,0.33,0,14,25,0,11.09,2.91,8.2,0,0,0,0,0,0
Jul-98,2,0.38,0,15.6,19,0,11.33,1.98,9.35,2.305,0.11,2.19,0,0,0
Jul-98,3.8,0.41,0,17.5,25,0,15.11,4.6,10.55,0,0,0,0,0,0
Jul-98,3.6,0.31,0,12.8,21,0,10.57,3.31,7.27,0,0,0,0,0,0
Jul-98,5.2,0.53,0,12,31,0,19.53,8.12,11.41,2.245,0.19,2.06,0,0,0
Aug-98,3.8,0.32,0,19.7,23,0,10.05,2.1,7.95,0,0,0,0,0,0
Aug-98,4.9,0.43,0,21.9,26,0,16.73,4.06,12.7,0,0,0,0,0,0
Aug-98,2.7,0.37,0,20.4,20,0,11.23,1.62,9.61,2.451,0.2,2.25,0,0,0
Aug-98,5.9,0.57,0,17.1,33,0,20.15,6.46,13.68,2.232,0.17,2.07,0,0,0
Sep-98,7.5,0.84,0,30.1,63,0,28.05,6.32,21.88,2.583,0.36,2.22,0,0,0
Sep-98,4.1,0.53,0,31.5,52,0,19.33,2.86,16.47,2.505,0.26,2.25,0,0,0
Sep-98,4.6,0.45,0,34,51,0,15.16,2.75,12.5,0,0,0,0,0,0
Sep-98,6.2,0.6,0,37.6,51,0,20.05,3.54,16.65,0,0,0,0,0,0
Oct-98,7.9,0.94,0,28.4,75,0,33.4,8.28,25.12,2.672,0.43,2.24,0,0,0
Oct-98,4.6,0.4,0,27.4,68,0,27.37,5.46,21.91,2.604,0.24,2.37,0,0,0
Oct-98,6.4,0.61,0,35.3,64,0,25.49,5.06,20.26,0,0,0,0,0,0
Oct-98,5.2,0.52,0,31.1,67,0,20.05,4.1,15.95,0,0,0,0,0,0
Nov-98,8.3,1.04,0,25,120,0,41.05,10.32,30.73,2.794,0.53,2.26,0,0,0
Nov-98,5.6,0.51,0,27.2,92,0,33.42,7.01,26.46,2.673,0.26,2.41,0,0,0
Nov-98,5.8,0.58,0,28.1,95,0,26.37,5.21,21.16,0,0,0,0,0,0
Nov-98,6.4,0.62,0,32.8,77,0,29.54,5.94,23.6,0,0,0,0,0,0
Dec-98,4,0.54,0,16.9,66,0,35.36,9.21,26.15,2.653,0.28,2.39,0,0,0
Dec-98,4.7,0.55,0,18.7,78,0,29.4,7.36,21.94,0,0,0,0,0,0
Dec-98,6.4,1.02,0,15.1,106,0,46.71,15.07,31.64,2.743,0.5,2.25,0,0,0
Dec-98,5.8,0.58,0,20.4,75,0,37.01,10.14,26.87,0,0,0,0,0,0
Jan-99,6.8,1.05,0,14.9,126,0,48.12,13.96,34.23,2.752,0.47,2.28,0,0,0
Jan-99,6,0.63,0,21.9,90,0,31.74,6.36,25.38,0,0,0,0,0,0
Jan-99,5.1,0.58,0,17,82,0,32.41,8.69,23.72,2.702,0.28,2.42,0,0,0
Jan-99,5.6,0.63,0,19.2,99,0,30.88,6.66,24.23,0,0,0,0,0,0
Feb-99,7.1,0.97,0,25.8,121,0,44.02,11.05,32.97,2.746,0.42,2.33,0,0,0
Feb-99,4.7,0.55,0,31.8,0,0,25.23,4.72,20.52,0,0,0,0,0,0
Feb-99,0,0.64,0,32.9,95,0,32.39,8.44,23.95,0,0,0,0,0,0
Feb-99,4.7,0.53,0,28.9,83,0,36.43,10.59,25.85,2.734,0.29,2.44,0,0,0
Mar-99,7.8,0.97,0,19.4,109,0,42.25,11.44,30.79,2.786,0.48,2.3,0,0,0
Mar-99,5.7,0.56,0,24.9,80,0,26.63,5.34,21.29,0,0,0,0,0,0
Mar-99,4.9,0.59,0,26.6,80,0,29.18,7.37,21.83,0,0,0,0,0,0
Mar-99,5.3,0.58,0,24,74,0,35.82,7.52,28.3,2.683,0.28,2.4,0,0,0
Apr-99,6.2,0.55,0,32.2,73,0,28.94,4.83,24.06,2.662,0.26,2.4,0,0,0
Apr-99,8.1,0.87,0,28.2,103,0,37.96,7.19,30.77,2.568,0.35,2.22,0,0,0
Apr-99,5.5,0.53,0,31.1,71,0,21.8,2.83,18.11,0,0,0,0,0,0
Apr-99,5,0.55,0,36.1,77,0,22.38,3,19.39,0,0,0,0,0,0
May-99,3.2,0.49,0,28.2,0,0,16.7,2.2,14.52,0,0,0,0,0,0
May-99,5.2,0.61,0,33.2,54,0,22.91,4.04,18.87,0,0,0,0,0,0
May-99,7,0.88,0,24.8,61,0,31.67,7.42,24.24,2.585,0.37,2.22,0,0,0
May-99,4.8,0.6,0,27,51,0,23.49,3.13,20.4,2.619,0.24,2.38,0,0,0
Jun-99,5.2,0,0,18.3,35,0,17.96,5.68,12.28,0,0,0,0,0,0
Jun-99,5.7,0.56,0,17.7,40,0,20.71,7.57,13.15,2.323,0.23,2.1,0,0,0
Jun-99,0,0.42,0,14.7,31,0,13.31,2.51,10.8,2.408,0.19,2.22,0,0,0
Jun-99,4.4,0.37,0,15.5,25,0,12.51,3.43,9.08,0,0,0,0,0,0
Jul-99,3.4,0.31,0,15.9,17,0,9.55,2.36,7.19,0,0,0,0,0,0
Jul-99,4.7,0.56,0,20.5,29,0,19.33,6.3,13.02,0,0,0,0,0,0
Jul-99,6.1,0.6,0,18.2,29,0,22.06,8.25,13.81,2.392,0.26,2.14,0,0,0
Jul-99,1.9,0.38,0,15.3,20,0,12.21,2.66,9.55,2.329,0.12,2.21,0,0,0
Aug-99,3.9,0.31,0,15.9,24,0,9.34,2.04,7.3,0,0,0,0,0,0
Aug-99,4.8,0.53,0,13.6,28,0,17.18,5.22,11.96,0,0,0,0,0,0
Aug-99,2.4,0.4,0,14.7,20,0,12.32,2.33,9.99,2.414,0.14,2.27,0,0,0
Aug-99,6.7,0.55,0,18.2,29,0,20.24,7.22,13.02,2.352,0.21,2.14,0,0,0
Sep-99,6.5,0.72,0,28.3,48,0,23.88,5.32,18.56,2.5,0.29,2.21,0,0,0
Sep-99,2.8,0.48,0,30.8,37,0,16.37,2.08,14.3,2.467,0.16,2.3,0,0,0
Sep-99,4,0.4,0,31.2,0,0,12.99,2.15,10.9,0,0,0,0,0,0
Sep-99,5.3,0.55,0,0,49,0,18.08,3.5,14.75,0,0,0,0,0,0
Oct-99,9.5,0.87,0,31.5,76,0,34.02,8.13,25.9,2.708,0.42,2.29,0,0,0
Oct-99,4.7,0.54,0,32.1,59,0,25.93,4.62,21.31,2.545,0.17,2.38,0,0,0
Oct-99,5.8,0.6,0,0,77,0,25.77,5.51,20.26,0,0,0,0,0,0
Oct-99,5.7,0.48,0,32.3,71,0,23.44,4.38,19.05,0,0,0,0,0,0
Nov-99,4.7,0.61,0,29.5,76,0,34.55,7.69,26.86,2.588,0.26,2.32,0,0,0
Nov-99,5.9,0.6,0,29.7,97,0,33.17,7.04,26.13,0,0,0,0,0,0
Nov-99,5.7,0.63,0,30.2,102,0,32.96,7.14,25.78,0,0,0,0,0,0
Nov-99,7.7,1.03,0,23.5,107,0,44.65,11.74,32.91,2.839,0.52,2.32,0,0,0
Dec-99,4.5,0.54,0,21.1,64,0,34.72,8.19,26.54,2.507,0.24,2.27,0,0,0
Dec-99,5.4,0.53,0,19.6,83,0,35.22,7.99,27.23,0,0,0,0,0,0
Dec-99,5.1,0.56,0,21.5,84,0,33.34,7.19,26.15,0,0,0,0,0,0
Dec-99,6.5,0.97,0,14.6,96,0,48.07,14.26,33.81,2.768,0.51,2.26,0,0,0
Jan-00,5.4,1.01,0,14.9,103,0,44.89,13.4,31.49,2.845,0.52,2.33,0,0,0
Jan-00,3.9,0.61,0,22.9,96,0,31.23,7.09,24.14,0,0,0,0,0,0
Jan-00,4.2,0.59,0,20.6,99,0,33.03,7.5,25.53,0,0,0,0,0,0
Jan-00,3.3,0.61,0,22.6,77,0,33.04,7.46,25.59,2.551,0.25,2.3,0,0,0
Feb-00,3.2,0.52,0,20.5,83,0,27.81,4.89,22.92,0,0,0,0,0,0
Feb-00,3.1,0.54,0,22.4,78,0,25.43,3.91,21.54,0,0,0,0,0,0
Feb-00,3.8,0.89,0,11.7,86,0,39.38,10.22,29.15,2.762,0.43,2.33,0,0,0
Feb-00,2.5,0.52,0,21.7,59,0,24.87,3.79,21.08,2.346,0.18,2.17,0,0,0
Mar-00,5.4,0.99,0,20.1,126,0,40.78,9.48,31.3,2.828,0.44,2.39,0,0,0
Mar-00,4.8,0.61,0,31.1,111,0,28.87,5.37,23.47,0,0,0,0,0,0
Mar-00,4.5,0.55,0,29.2,113,0,29.02,4.83,24.23,0,0,0,0,0,0
Mar-00,3.7,0.58,0,28.7,94,0,31.04,5.28,25.76,2.444,0.17,2.27,0,0,0
Apr-00,5.3,0.9,0,20.9,74,0,32.64,7.66,24.98,2.693,0.36,2.33,0,0,0
Apr-00,4.6,0.58,0,27.6,74,0,24.47,4.68,19.78,0,0,0,0,0,0
Apr-00,4.1,0.53,0,26.9,67,0,22.63,4.13,18.49,0,0,0,0,0,0
Apr-00,3.5,0.59,0,25,52,0,0,0,0,2.44,0.16,2.28,0,0,0
May-00,3.8,0.55,0,33.6,58,0,20.99,2.69,18.3,2.444,0.14,2.31,0,0,0
May-00,4.3,0.51,0,33.2,67,0,18.05,2.92,15.13,0,0,0,0,0,0
May-00,5.9,0.78,0,24.6,70,0,26.1,4.21,21.89,2.561,0.29,2.28,0,0,0
May-00,4.3,0.54,0,35.9,78,0,19.26,2.83,16.43,0,0,0,0,0,0
Jun-00,8.4,0.57,0,13.6,31,0,21.87,9.01,12.86,2.265,0.19,2.07,0,0,0
Jun-00,4.3,0.49,0,18.1,34,0,16.56,5.33,11.24,0,0,0,0,0,0
Jun-00,4.4,0.36,0,18.3,27,0,12.99,4.11,8.88,0,0,0,0,0,0
Jun-00,2.7,0.4,0,15.9,18,0,14.53,3.49,11.06,2.289,0.1,2.19,0,0,0
Jul-00,6.3,0.51,0,26.9,48,0,18.26,4.1,14.16,0,0,0,0,0,0
Jul-00,3.8,0.65,0,20.5,0,0,20.07,5.62,14.45,2.247,0.23,2.02,0,0,0
Jul-00,2.6,0.44,0,24.2,28,0,13.34,1.94,11.4,2.297,0.1,2.2,0,0,0
Jul-00,0,0.32,0,28.5,35,0,11.14,1.2,9.94,0,0,0,0,0,0
Aug-00,2.3,0.39,0,19.5,18,0,12.12,2.9,9.3,2.333,0.13,2.2,0,0,0
Aug-00,6.3,0.49,0,20.5,33,0,19.47,5.89,13.9,0,0,0,0,0,0
Aug-00,4.8,0.33,0,20.2,26,0,10.27,2.63,7.66,0,0,0,0,0,0
Aug-00,4.6,0.58,0,19.4,31,0,18.74,6.51,12.23,2.216,0.23,2.01,0,0,0
Sep-00,4.2,0.43,0,40.4,45,0,14.33,1.66,12.7,0,0,0,0,0,0
Sep-00,5.1,0.52,0,40.2,62,0,16.85,2.5,14.45,0,0,0,0,0,0
Sep-00,5.1,0.73,0,37,61,0,23.03,5.53,17.5,2.285,0.24,2.04,0,0,0
Sep-00,3.3,0.5,0,38.1,45,0,16.47,1.62,14.85,2.409,0.17,2.24,0,0,0
Oct-00,3.4,0.51,0,31.3,55,0,22.11,3.49,18.62,2.4,0.14,2.26,0,0,0
Oct-00,4,0.45,0,33.1,57,0,20.81,3.86,16.95,0,0,0,0,0,0
Oct-00,6.1,0.84,0,28,82,0,27.97,6.13,21.83,2.442,0.33,2.11,0,0,0
Oct-00,6.4,0.51,0,34.3,73,0,21.49,4.19,16.84,0,0,0,0,0,0
Nov-00,3.9,0.55,0,25.6,77,0,29.36,6.16,23.2,2.442,0.16,2.28,0,0,0
Nov-00,4.1,0.54,0,29,0,0,25.7,5.59,20.1,0,0,0,0,0,0
Nov-00,5.6,0.55,0,29.4,82,0,26.8,5.67,21.13,0,0,0,0,0,0
Nov-00,0,0.89,0,23.2,94,0,33.55,8.98,24.57,2.477,0.39,2.09,0,0,0
Dec-00,3.6,0.57,0,23.2,65,0,32.28,7.82,24.46,2.464,0.17,2.3,0,0,0
Dec-00,4.2,0.53,0,22.8,0,0,28.27,5.71,22.56,0,0,0,0,0,0
Dec-00,6.2,0.54,0,23.8,77,0,23.23,7.16,16.08,0,0,0,0,0,0
Dec-00,4.5,0.76,0,19.6,88,0,30.81,6.54,24.26,0,0,0,0,0,0
Jan-01,4.9,0.86,0,19.8,95,0,37.73,9.11,28.7,2.497,0.31,2.19,0,0,0
Jan-01,5.5,0.61,0,23.6,85,0,32.86,9.58,23.28,0,0,0,0,0,0
Jan-01,3.4,0.62,0,22.2,65,0,35.42,9.84,25.58,2.508,0.2,2.31,0,0,0
Jan-01,4.5,0.59,0,22.5,78,0,30.15,7.46,22.69,0,0,0,0,0,0
Feb-01,4.8,0.8,0,23,105,0,32.3,6.44,25.86,2.453,0.25,2.2,0,0,0
Feb-01,4.6,0.55,0,24.4,84,0,28.49,5.33,23.22,0,0,0,0,0,0
Feb-01,6.5,0.56,0,27.5,91,0,28.98,6.24,22.75,0,0,0,0,0,0
Feb-01,3.1,0.53,0,26,87,0,31.27,6.38,24.9,2.442,0.16,2.28,0,0,0
Mar-01,5.2,0.79,0,32.2,110,0,29.53,4.22,25.32,2.428,0.21,2.21,0,0,0
Mar-01,4.4,0.52,0,30.6,70,0,22.44,3.05,19.39,0,0,0,0,0,0
Mar-01,6.9,0.57,0,32.2,82,0,28.2,5.96,22.24,0,0,0,0,0,0
Mar-01,4.2,0.56,0,32.8,79,0,27.06,3.89,23.16,2.473,0.17,2.3,0,0,0
Apr-01,4.8,0.59,0,26.6,68,0,28.76,6,23.01,2.554,0.21,2.35,0,0,0
Apr-01,5.2,0.8,0,27.6,112,0,29.69,4.63,25.24,2.54,0.25,2.29,0,0,0
Apr-01,5,0.53,0,27.3,68,0,22.7,3.51,19.42,0,0,0,0,0,0
Apr-01,7.7,0.62,0,19.5,80,0,28.46,5.18,23.28,0,0,0,0,0,0
May-01,3.8,0.42,0,32.1,41,0,14.59,2.52,12.07,0,0,0,0,0,0
May-01,6.1,0.58,0,30,51,0,19.24,3.03,16.27,0,0,0,0,0,0
May-01,3.6,0.64,0,32.5,63,0,18.02,2.02,15.99,2.284,0.15,2.13,0,0,0
May-01,3.2,0.51,0,27.5,44,0,17.87,2.83,15.08,2.486,0.16,2.33,0,0,0
Jun-01,5.8,0.49,0,20.8,32,0,18.09,4.81,13.35,0,0,0,0,0,0
Jun-01,4,0.54,0,22.6,37,0,16.69,3.34,13.35,2.194,0.13,2.06,0,0,0
Jun-01,2.3,0.41,0,20.3,24,0,12.8,2.51,10.38,2.461,0.16,2.3,0,0,0
Jun-01,3.9,0.32,0,26.1,23,0,9.97,2.15,7.84,0,0,0,0,0,0
Jul-01,4.5,0.34,0,27.7,30,0,10.92,2.18,8.77,0,0,0,0,0,0
Jul-01,5.3,0.5,0,24,38,0,16.35,3.69,12.69,0,0,0,0,0,0
Jul-01,3,0.53,0,27.5,38,0,14.97,2.35,12.62,2.176,0.12,2.05,0,0,0
Jul-01,1.6,0.4,0,22.8,32,0,12.78,1.95,10.93,0,0,0,0,0,0
Aug-01,3.7,0.34,0,32.5,26,0,9.29,1.31,7.99,0,0,0,0,0,0
Aug-01,5.5,0.49,0,26,40,0,17.29,3.09,14.2,0,0,0,0,0,0
Aug-01,1.8,0.41,0,26.4,28,0,12.35,2.1,10.28,0,0,0,0,0,0
Aug-01,3.5,0.58,0,28.5,39,0,16.87,1.97,14.91,2.206,0.12,2.08,0,0,0
Sep-01,3.2,0.6,0,34.1,45,0,18.47,2.62,15.85,0,0,0,0,0,0
Sep-01,2.3,0.44,0,27.6,37,0,15.36,2.14,13.27,0,0,0,0,0,0
Sep-01,3.5,0.37,0,34.3,35,0,11.5,1.5,10.02,0,0,0,0,0,0
Sep-01,4.9,0.51,0,30.2,48,0,18.21,3.62,14.63,0,0,0,0,0,0
Oct-01,5.5,0.8,0,46.5,92,0,27.88,3.99,23.92,2.548,0.27,2.3,0,0,0
Oct-01,4.1,0.58,0,32.4,83,0,27.56,5.98,21.83,0,0,0,0,0,0
Oct-01,7.4,0.57,0,38.2,82,0,25.55,5.36,20.22,0,0,0,0,0,0
Oct-01,5.4,0.54,0,40.1,73,0,22.15,3.35,18.8,0,0,0,0,0,0
Nov-01,4.9,0.55,0,26.3,87,0,33.73,8.5,25.24,2.291,0.19,2.1,0,0,0
Nov-01,5.2,0.52,0,30.1,73,0,27.47,4.76,22.71,0,0,0,0,0,0
Nov-01,6.8,0.56,0,29.7,78,0,30.47,6.55,23.92,0,0,0,0,0,0
Nov-01,5.6,0.8,0,30.6,93,0,33.39,5.72,27.68,2.565,0.36,2.2,0,0,0
Dec-01,3.6,0.57,0,20.5,81,0,33.6,8.88,24.91,2.31,0.23,2.08,0,0,0
Dec-01,4.3,0.59,0,24.1,71,0,28.06,6.13,21.94,0,0,0,0,0,0
Dec-01,5.2,0.62,0,24.2,84,0,29.73,6.29,23.55,0,0,0,0,0,0
Dec-01,4.3,0.77,0,24.1,95,0,35.69,7.42,28.27,0,0,0,0,0,0
Jan-02,6.1,0.84,0,26.9,87,0,36.23,7.47,28.76,2.605,0.41,2.2,0,0,0
Jan-02,6.9,0.63,0,25.5,85,0,35.6,10.2,25.41,0,0,0,0,0,0
Jan-02,4.6,0.58,0,23.2,80,0,36.04,9.81,26.22,2.362,0.3,2.06,0,0,0
Jan-02,5.2,0.56,0,26.2,71,0,30.8,6.86,23.94,0,0,0,0,0,0
Feb-02,4.2,0.71,0,34.1,81,0,26.03,3.25,22.79,2.257,0.25,2,0,0,0
Feb-02,3.9,0.49,0,31.5,66,0,0,0,0,0,0,0,0,0,0
Feb-02,4.5,0.55,0,31.5,77,0,0,0,0,0,0,0,0,0,0
Feb-02,4.8,0.51,0,28.9,70,0,25.37,3.84,21.65,2.174,0.17,2.01,0,0,0
Mar-02,4.7,0.7,0,38.2,78,0,22.15,2.41,19.7,2.184,0.24,1.94,0,0,0
Mar-02,4.2,0.52,0,33.1,66,0,19.61,2.21,17.39,0,0,0,0,0,0
Mar-02,5.5,0.58,0,34.3,80,0,24.01,3.99,20.02,0,0,0,0,0,0
Mar-02,3.5,0.53,0,30.5,79,0,22.31,2.73,19.55,2.189,0.16,2.03,0,0,0
Apr-02,3.9,0.52,0,26.3,51,0,19.77,3.07,16.79,2.042,0.14,1.9,0,0,0
Apr-02,4.9,0.61,0,30.2,60,0,18.97,2.82,16.15,2.21,0.27,1.94,0,0,0
Apr-02,4.7,0.42,0,32.5,43,0,17.43,2.67,14.82,0,0,0,0,0,0
Apr-02,6.2,0.55,0,33.1,60,0,21.22,4.27,17.03,0,0,0,0,0,0
May-02,4,0.37,0,38,34,0,13.48,1.93,11.67,0,0,0,0,0,0
May-02,5,0.42,0,34.7,52,0,17.93,3.13,14.9,0,0,0,0,0,0
May-02,3.9,0.58,0,35.1,50,0,15.6,1.9,13.7,2.148,0.19,1.96,0,0,0
May-02,2.9,0.51,0,31.5,43,0,15.1,1.78,13.36,2.133,0.13,2.01,0,0,0
Jun-02,3,0.28,0,17.6,32,0,13.36,2.77,10.83,0,0,0,0,0,0
Jun-02,3.4,0.48,0,19.2,27,0,12.76,2.3,10.46,1.972,0.13,1.84,0,0,0
Jun-02,2.3,0.42,0,19.6,21,0,10.87,1.72,9.23,1.966,0.07,1.9,0,0,0
Jun-02,3.3,0.3,0,28.7,20,0,10.83,2.19,8.67,0,0,0,0,0,0
Jul-02,3.3,0.3,0,31.4,20,0,10.12,1.98,8.16,0,0,0,0,0,0
Jul-02,2.8,0.19,0,22.9,35,0,13.2,2.56,10.68,0,0,0,0,0,0
Jul-02,2.1,0.48,0,20.3,35,0,12.22,1.8,10.42,1.947,0.12,1.83,0,0,0
Jul-02,1.4,0.42,0,20.4,21,0,9.99,1.49,8.52,1.821,0.06,1.76,0,0,0
Aug-02,3.7,0.32,0,34.1,26,0,10.31,1.72,8.6,0,0,0,0,0,0
Aug-02,3.5,0.25,0,26.7,38,0,14.25,2.98,11.29,0,0,0,0,0,0
Aug-02,1.4,0.44,0,24.2,30,0,9.59,0.92,8.67,2.04,0.06,1.98,0,0,0
Aug-02,2.8,0.52,0,23.8,40,0,12.39,1.75,10.64,2.053,0.14,1.91,0,0,0
Sep-02,4.5,0.69,0,35,72,0,19.01,1.84,17.2,2.274,0.22,2.05,0,0,0
Sep-02,2.7,0.57,0,35.5,49,0,15.72,1.74,13.98,2.217,0.09,2.13,0,0,0
Sep-02,4.4,0.44,0,44,44,0,15.38,1.81,13.57,0,0,0,0,0,0
Sep-02,4.5,0.32,0,37.1,58,0,20.42,2.89,17.52,0,0,0,0,0,0
Oct-02,5,0.8,0,44.1,89,0,22.02,2.05,20,0,0,0,0,0,0
Oct-02,3.4,0.65,0,37.7,69,0,21.14,2.69,18.47,2.429,0.15,2.28,0,0,0
Oct-02,4.6,0.35,0,40.7,0,0,23.58,3.24,20.34,0,0,0,0,0,0
Oct-02,4.1,0.53,0,42.3,60,0,20.74,2.51,18.27,0,0,0,0,0,0
Nov-02,4.5,0.62,0,29.5,96,0,32.15,6.5,25.65,0,0,0,0,0,0
Nov-02,4.5,0.56,0,32.8,85,0,26.74,3.59,23.19,0,0,0,0,0,0
Nov-02,5.4,0,0,32.9,84,0,32.11,6.09,26.06,0,0,0,0,0,0
Nov-02,5.4,0.84,0,37.1,93,0,30.28,4.13,26.15,0,0,0,0,0,0
Dec-02,3.6,0.67,0,20.5,78,0,33.56,7.4,26.16,2.915,0.43,2.49,0,0,0
Dec-02,3.6,0.57,0,24.5,69,0,27.63,4.98,22.76,0,0,0,0,0,0
Dec-02,4.5,0.51,0,24.3,74,0,32.86,7.39,25.47,0,0,0,0,0,0
Dec-02,4.6,0.88,0,27,85,0,33.03,6.33,26.75,2.736,0.56,2.18,0,0,0
Jan-03,5.2,0.91,0,28.4,102,0,33.97,6.11,27.86,2.583,0.55,2.04,0,0,0
Jan-03,4.9,0.69,0,26.4,85,0,32.69,7.28,26.01,0,0,0,0,0,0
Jan-03,4.2,0.67,0,24.7,91,0,30.61,5.89,24.75,2.884,0.36,2.52,0,0,0
Jan-03,4.8,0.64,0,25.8,77,0,0,0,0,0,0,0,0,0,0
Feb-03,3.7,0.75,0,35.2,83,0,24.62,3.6,21.21,2.442,0.42,2.02,0,0,0
Feb-03,3.5,0,0,30.1,63,0,0,0,0,0,0,0,0,0,0
Feb-03,3.4,0.63,0,31.3,77,0,23.42,4.09,19.69,0,0,0,0,0,0
Feb-03,3.3,0.58,0,29.5,75,0,23.68,3.64,20.21,2.442,0.32,2.12,0,0,0
Mar-03,4.3,0.82,0,31.5,66,0,26.41,3.56,23.15,2.476,0.5,1.98,0,0,0
Mar-03,3.6,0.6,0,27.7,53,0,19.29,0,0,0,0,0,0,0,0
Mar-03,3.5,0,0,30.1,70,0,24.38,4.11,20.3,0,0,0,0,0,0
Mar-03,3.6,0.57,0,28.8,70,0,24.98,3.43,21.46,2.632,0.34,2.29,0,0,0
Apr-03,2.6,0.59,0,27.9,55,0,19.27,3.13,16.5,2.654,0.34,2.32,0,0,0
Apr-03,3.2,0.75,0,33.1,44,0,20.05,2.65,17.53,0,0,0,0,0,0
Apr-03,2.8,0.43,0,26.6,62,0,0,0,0,0,0,0,0,0,0
Apr-03,3,0.61,0,30.2,60,0,20.59,4.25,16.4,0,0,0,0,0,0
May-03,3.2,0.45,0,33.3,55,0,0,0,0,0,0,0,0,0,0
May-03,2.9,0.5,0,38.6,57,0,16.31,3.08,13.27,0,0,0,0,0,0
May-03,3.3,0.65,0,39.9,53,0,15.21,1.99,13.34,2.331,0.28,2.05,0,0,0
May-03,2.9,0.54,0,36.2,51,0,16.4,2.14,14.56,3.049,0.37,2.68,0,0,0
Jun-03,2.4,0.5,0,30.3,43,0,14.52,3.1,11.43,0,0,0,0,0,0
Jun-03,2.7,0.53,0,27.1,39,0,12.15,2.11,10.1,2.211,0.29,1.92,0,0,0
Jun-03,2,0.45,0,30.1,35,0,10.46,1.37,9.18,2.603,0.28,2.32,0,0,0
Jun-03,3.5,0.38,0,28.3,36,0,13.11,3.38,9.76,0,0,0,0,0,0
Jul-03,2.6,0.35,0,19.4,25,0,12.15,2.74,9.39,0,0,0,0,0,0
Jul-03,1.9,0.38,0,18.6,32,0,13.14,3.42,9.72,0,0,0,0,0,0
Jul-03,2.5,0.44,0,17.4,25,0,11.03,2.32,8.71,2.342,0.27,2.07,0,0,0
Jul-03,1.8,0.41,0,20,23,0,0,0,0,2.765,0.51,2.25,0,0,0
Aug-03,2.4,0.34,0,22.1,23,0,11.87,2.77,9.16,0,0,0,0,0,0
Aug-03,2.2,0.43,0,19.8,37,0,16.21,3.81,12.4,0,0,0,0,0,0
Aug-03,1.6,0.4,0,20.2,21,0,14.44,4.01,10.44,2.135,0.29,1.85,0,0,0
Aug-03,2.4,0.56,0,24.2,31,0,13.48,1.86,11.62,2.582,0.32,2.26,0,0,0
Sep-03,2.9,0.65,0,45.2,54,0,14.54,1.12,13.43,2.141,0.31,1.83,0,0,0
Sep-03,2.3,0.79,0,34,46,0,0,0,0,2.573,0.39,2.19,0,0,0
Sep-03,2.7,0.44,0,35.7,36,0,0,0,0,0,0,0,0,0,0
Sep-03,2.2,0.51,0,35.2,63,0,15.06,1.72,13.36,0,0,0,0,0,0
Oct-03,4.4,0.77,0,45,80,0,24.38,2.39,21.99,2.314,0.48,1.84,0,0,0
Oct-03,3.1,0.58,0,35.9,61,0,0,0,0,2.768,0.47,2.3,0,0,0
Oct-03,3.9,0.6,0,39.6,81,0,23.71,3.43,20.28,0,0,0,0,0,0
Oct-03,4,0.5,0,39,40,0,0,0,0,0,0,0,0,0,0
Nov-03,3.6,0.61,0,26.6,85,0,24.42,4.45,20.06,2.757,0.47,2.29,0,0,0
Nov-03,3,0.61,0,24.5,67,0,24.61,13.01,11.88,0,0,0,0,0,0
Nov-03,3.6,0.58,0,30.5,87,0,23.19,4.12,19.08,0,0,0,0,0,0
Nov-03,3.9,0.81,0,33.7,91,0,26.04,3.67,22.44,3.206,0.54,2.66,0,0,0
Dec-03,4.5,0.65,0,23.8,91,0,35.25,9.46,25.79,2.914,0.47,2.44,0,0,0
Dec-03,4.5,0.61,0,23.8,64,0,29.93,7.28,22.65,0,0,0,0,0,0
Dec-03,4.6,0.6,0,26.8,90,0,33.48,8.97,24.51,0,0,0,0,0,0
Dec-03,5.4,0.86,0,27.7,103,0,35.7,6.87,28.83,2.92,0.53,2.39,0,0,0
Jan-04,4.4,0.82,0,26.8,94,0,29.1,4.7,24.43,2.657,0.425,2.23,0,0,0
Jan-04,4,0.6,0,27.4,92,0,27.27,5.23,22.05,0,0,0,0,0,0
Jan-04,4.5,0.61,0,23.2,112,0,30.16,6.43,24.17,2.675,0.43,2.24,0,0,0
Jan-04,4.2,0.6,0,23.9,99,0,29.01,5.41,23.86,0,0,0,0,0,0
Feb-04,4.2,0.82,0,32.5,95,0,29.09,4.52,24.63,2.531,0.435,2.09,0,0,0
Feb-04,3.5,0.56,0,29.2,105,0,27.35,4.47,23.1,0,0,0,0,0,0
Feb-04,3.3,0.57,0,32.4,96,0,29.27,5.59,23.7,0,0,0,0,0,0
Feb-04,3,0.56,0,26.3,0,0,27.86,0,23.07,2.598,0.376,2.22,0,0,0
Mar-04,3.5,0.74,0,33.2,77,0,26.06,3.45,22.68,2.654,0.377,2.28,0,0,0
Mar-04,3.6,0.47,0,27.6,87,0,29.5,7.99,21.5,0,0,0,0,0,0
Mar-04,3.4,0.51,0,31.2,77,0,27.55,4.47,23.13,0,0,0,0,0,0
Mar-04,3.6,0.56,0,27.6,95,0,27.59,3.97,23.65,2.788,0.326,2.46,0,0,0
Apr-04,4,0.49,0,42.1,87,0,20.35,2.08,18.36,2.609,0.373,2.24,0,0,71.02
Apr-04,3.6,0.76,0,45.2,73,0,20.75,1.66,19.19,2.627,0.344,2.28,0,0,0
Apr-04,3.4,0.46,0,36,82,0,18.8,2.01,16.81,0,0,0,0,0,76.84
Apr-04,3.4,0.62,0,38.9,78,0,0,0,0,0,0,0,0,0,0
May-04,3,0.4,0,29.2,59,0,14.9,2.21,12.71,0,0,0,0,0,75.98
May-04,3.2,0.36,0,27.9,0,0,14.54,2.79,11.74,0,0,0,0,0,71.41
May-04,3,0.59,0,38.2,48,0,14.91,1.88,13.1,2.394,0.25,2.14,0,0,0
May-04,2.2,0.36,0,32.1,62,0,15.85,2.04,13.86,2.482,0.314,2.17,0,0,70.01
Jun-04,3.6,0.33,0,33.7,57,0,14,2.14,11.87,0,0,0,0,0,61.73
Jun-04,3,0.55,0,41.4,48,0,14.63,1.45,13.2,2.687,0.272,2.43,0,0,0
Jun-04,2.8,0.3,0,36.2,65,0,13.37,1.4,11.96,2.387,0.287,2.1,0,0,69.31
Jun-04,4.2,0.3,0,34.2,58,0,15.48,3.92,11.6,0,0,0,0,0,73.49
Jul-04,5,0.2,0,22.6,36,0,13.18,4.68,8.54,0,0,0,0,0,77.89
Jul-04,3.7,0.27,0,20.2,39,0,15.22,3.73,11.5,0,0,0,0,0,72.21
Jul-04,2.4,0.49,0,32.3,28,0,13.01,2.14,10.87,1.949,0.106,1.84,0,0,74.4
Jul-04,2.1,0.25,0,21,36,0,11.71,2.03,9.67,0,0,0,0,0,78.65
Aug-04,4.2,0.22,0,25.5,42,0,13.36,4.63,8.78,0,0,0,0,0,77.1
Aug-04,5.2,0.33,0,26.5,46,0,14.71,3.52,11.23,0,0,0,0,0,74.1
Aug-04,2.5,0.32,0,29.3,45,0,0,0,0,0,0,0,0,0,72.62
Aug-04,2.7,0.53,0,40.1,35,0,13.78,1.68,12.11,1.965,0.136,1.83,0,0,72.72
Sep-04,3.6,0.64,0,42.1,45,0,18.92,3.2,15.72,2.03,0.149,1.88,0,0,73.57
Sep-04,3.1,0.4,0,29.4,57,0,15.18,3.18,11.99,2.522,0.304,2.22,0,0,70.93
Sep-04,3.9,0.28,0,26.3,52,0,15.05,4.73,10.33,0,0,0,0,0,77.4
Sep-04,4.6,0.35,0,25.4,57,0,19.64,5.39,14.25,0,0,0,0,0,73.89
Oct-04,5.4,0,0,41.8,87,0,27.18,2.98,24.21,2.243,0.297,1.95,0,0,59.9
Oct-04,4.6,0.49,0,37,101,44,0,0,0,2.623,0.34,2.28,0,0,62.91
Oct-04,4.9,0.38,0,34.1,94,0,0,0,0,0,0,0,0,0,65.26
Oct-04,4.1,0.37,0,35.2,94,0,0,0,0,0,0,0,0,0,70.46
Nov-04,5,0.67,0,37.2,124,69,32.37,7.4,24.97,0,0,0,0,0,71.81
Nov-04,4.8,0.48,0,35.9,105,0,26.87,4.16,22.71,0,0,0,0,0,73.02
Nov-04,6,0.54,0,33.1,108,0,0,0,0,0,0,0,0,0,70.35
Nov-04,6.7,0.67,0,38.6,99,0,0,0,0,2.365,0.423,1.94,0,0,67.51
Dec-04,4.9,0.74,0,25.7,106,57,33.86,8.78,25.08,2.805,0.388,2.42,0,0,72.58
Dec-04,6.2,0.51,427.32,24.9,97,0,31.26,9.2,22.06,0,0,0,0,0,73.97
Dec-04,5.6,0.51,0,22.7,90,0,32.44,10.08,22.36,0,0,0,0,0,70.68
Dec-04,8.8,0.66,0,24.7,92,0,35.66,11.32,24.34,2.314,0.403,1.91,0,0,67.57
Jan-05,6.5,0.38,0,25.8,88,0,30.17,9.45,20.73,0,0,0,0,0,72.05
Jan-05,10.9,0.6,0,18.3,86,53,32.33,10.36,21.97,2.203,0.32,1.88,0,0,67.39
Jan-05,4.6,0.63,0,21.9,93,53,29.21,6.55,22.66,0,0,0,0,0,72.5
Jan-05,7.3,0.49,0,21.1,81,57,27.84,8.45,19.39,0,0,0,0,0,70.25
Feb-05,5.9,0.33,419.35,26.5,86,0,37.54,12.43,25.11,0,0,0,0,0,75.93
Feb-05,10.3,0.66,0,17.8,82,52,33.38,11.89,21.49,2.243,0.341,1.9,0,0,72.01
Feb-05,3.3,0.65,0,21.4,88,51,29.19,7.62,21.57,0,0,0,0,0,77.69
Feb-05,6.8,0.54,0,21,78,55,29.75,10.26,19.49,0,0,0,0,0,74.57
Mar-05,10.9,0.61,0,28.2,95,55,32.86,8.51,24.35,2.224,0.348,1.88,0,0,66.04
Mar-05,3.8,0.6,0,32.1,101,53,25.81,4.64,21.16,0,0,0,0,0,71.87
Mar-05,6.5,0.27,423.43,29.8,92,0,31.56,6.87,24.68,0,0,0,0,0,73.07
Mar-05,7.5,0.47,0,29.5,90,55,27.17,6.91,20.25,0,0,0,0,0,69.21
Apr-05,9.1,0.49,0,30.8,81,51,23.99,5.66,18.33,0,0,0,0,0,69.61
Apr-05,5.6,0.27,429.21,24.2,83,0,21.86,5.2,16.65,0,0,0,0,0,76.19
Apr-05,4.4,0.56,0,35.5,93,48,19.96,3.03,16.93,0,0,0,0,0,74.02
Apr-05,11,0.61,0,30.7,79,47,26.29,6.49,19.79,2.167,0.232,1.94,0,0,67.28
May-05,3.1,0.36,0,25.7,46,21,14.66,4.52,10.13,2.276,0.326,1.95,0,0,74.61
May-05,5.8,0.29,410.62,25.1,43,0,15.92,5.57,10.35,0,0,0,0,0,78.57
May-05,6,0.43,0,26.4,42,25,16.95,5.8,11.14,0,0,0,0,0,70.96
May-05,9.1,0.43,0,27.3,38,20,19.82,6.15,13.67,2.026,0.161,1.87,0,0,69.91
Jun-05,1.9,0.29,0,25.7,36,18,10.85,2.32,8.53,2.21,0.326,1.88,0,0,79.17
Jun-05,5.4,0.44,0,22.3,38,23,17.87,6.04,11.83,0,0,0,0,0,74.85
Jun-05,4.4,0.43,0,24.4,32,17,19.47,6.32,13.16,2.012,0.19,1.82,0,0,75.15
Jun-05,5.5,0.21,404.87,21.6,33,19,13.23,3.18,10.05,0,0,0,0,0,81.01
Jul-05,5,0.3,0,23.9,51,28,13.33,3.26,10.06,0,0,0,0,0,70.15
Jul-05,2.1,0.27,0,30,52,24,10.64,2.45,8.18,2.214,0.178,2.04,0,0,74.53
Jul-05,5.5,0.35,0,24.5,45,24,16.18,4.89,11.29,2.007,0.226,1.78,0,0,70.74
Jul-05,4.7,0.18,410.76,25.1,47,24,11.99,2.62,9.36,0,0,0,0,0,77.15
Aug-05,4.4,0.29,0,24.1,52,29,11.9,3.89,8,0,0,0,0,0,73.63
Aug-05,2.8,0.29,0,27,54,29,10.83,2.18,8.64,2.202,0.088,2.11,0,0,78.53
Aug-05,4.8,0.39,0,23.2,49,28,15.22,4.01,11.22,1.893,0.242,1.65,0,0,81.3
Aug-05,5,0.16,406.83,21.8,50,27,10.68,4.35,6.32,0,0,0,0,0,80.38
Sep-05,5.5,0.36,0,37.8,74,44,15.03,3.56,11.47,0,0,0,0,0,69.64
Sep-05,4.1,0.36,0,43.7,84,45,13.89,1.6,12.26,2.234,0.144,2.09,0,0,74.76
Sep-05,5.2,0.22,410.18,34.7,74,41,12.64,2.01,10.63,0,0,0,0,0,77.2
Sep-05,5.2,0.46,0,39.9,74,42,16.74,3.14,13.59,1.982,0.258,1.72,0,0,75.44
Oct-05,5.1,0.36,415.51,31.8,101,45,18.97,2.76,16.21,0,0,0,0,0,77.22
Oct-05,5,0.54,0,38.3,100,47,23.13,3.24,19.89,2.092,0.293,1.8,0,0,69.57
Oct-05,4.3,0.4,0,36.7,101,41,19.61,3.54,16.06,2.229,0.14,2.09,0,0,74.03
Oct-05,5.8,0.41,0,36.2,98,45,22.57,5.56,17,0,0,0,0,0,68.82
Nov-05,4.4,0.46,426.86,24.1,118,57,24.33,4.65,19.68,0,0,0,0,0,74
Nov-05,4.9,0.52,0,29.2,127,54,25.09,5.53,19.56,2.286,0.222,2.06,0,0,71.45
Nov-05,6,0.51,0,29,113,57,26.01,6.17,19.84,0,0,0,0,0,67.75
Nov-05,5.4,0.65,0,33.4,116,60,29.18,4.84,24.34,2.179,0.35,1.83,0,0,68.1
Dec-05,3.6,0.5,421.7,13.1,123,54,27.73,6.09,21.64,0,0,0,0,0,70.01
Dec-05,5.5,0.52,0,22.9,123,49,28.91,7.45,21.46,2.191,0.223,1.97,0,0,68.56
Dec-05,6.2,0.51,0,22.1,119,49,29.64,7.91,21.73,0,0,0,0,0,63.1
Dec-05,5.8,0.67,0,25.8,122,56,33.54,7.82,25.72,2.159,0.336,1.82,0,0,64.89
Jan-06,2.3,0.59,431.45,12.7,108,56,26.77,8.4,18.37,0,0,0,0,0,78.06
Jan-06,4.2,0.54,0,20.7,109,50,26.9,6,20.9,2.206,0.169,2.04,0,0,76.73
Jan-06,4.8,0.52,0,20.2,97,47,25.01,5.3,19.71,0,0,0,0,0,71.54
Jan-06,4.3,0.72,0,24.3,110,55,31.69,7.21,24.47,2.125,0.349,1.78,0,0,72.5
Feb-06,4.4,0.5,0,26.8,110,42,24.33,4.2,20.14,2.179,0.153,2.03,0,0,73.95
Feb-06,2.1,0.54,425.82,18.4,98,45,21.47,5.72,15.68,0,0,0,0,0,74.19
Feb-06,3.8,0.64,0,29.4,101,50,27.17,5.31,21.86,2.062,0.278,1.79,0,0,69.45
Feb-06,4.6,0.5,0,24.6,100,40,23.42,4.55,18.88,0,0,0,0,0,68.41
Mar-06,4.8,0.55,0,29.9,117,52,28.21,4.89,23.31,2.298,0.198,2.1,0,0,72.72
Mar-06,4.9,0.49,425.86,27.1,105,52,24.9,4.27,20.62,0,0,0,0,0,73.92
Mar-06,5.7,0.52,0,28.3,108,49,27.96,5.45,22.5,0,0,0,0,0,67.35
Mar-06,4.8,0.72,0,36.7,106,50,31.23,5.8,25.43,2.184,0.338,1.85,0,0,67.71
Apr-06,5.4,0.49,0,26,67,36,22.06,4.81,17.25,0,0,0,0,0,70.41
Apr-06,5.7,0.37,427.89,27.8,65,36,19.92,4.38,15.54,0,0,0,0,0,78.26
Apr-06,4,0.44,0,28.1,75,34,18.58,2.87,15.7,2.292,0.155,2.14,0,0,74.53
Apr-06,3.8,0.57,0,33.6,65,37,22.54,4.78,17.76,1.876,0.261,1.62,0,0,72.08
May-06,5.4,0.29,411.51,31.2,55,31,17.04,3.68,13.36,0,0,0,0,0,78.21
May-06,4.4,0.39,0,29.7,60,31,16.97,4.21,12.75,0,0,0,0,0,68.6
May-06,3.4,0.37,0,33.1,62,0,14.57,2.47,12.11,2.293,0.161,2.13,0,0,74.18
May-06,4.4,0.45,0,38.5,53,30,19.51,4.03,15.48,2.02,0.236,1.78,0,0,70.43
Jun-06,5.3,0.18,396.49,24,41,17,14.18,4.11,10.08,0,0,0,0,0,79.13
Jun-06,4.1,0.36,0,25.1,37,20,17.01,5.11,11.9,1.945,0.235,1.71,0,0,72.89
Jun-06,3.1,0.27,0,26,40,19,11.04,2.54,8.5,2.168,0.1,2.07,0,0,76.07
Jun-06,4.5,0.35,0,21.2,41,22,15.98,4.64,11.34,0,0,0,0,0,70.62
Jul-06,5,0.13,396.04,25.4,42,21,11.57,2.96,8.61,0,0,0,0,0,79.57
Jul-06,3.6,0.27,0,25.5,43,21,13.99,3.6,10.4,0,0,0,0,0,71.44
Jul-06,2.8,0.22,0,25.8,45,29,8.21,1.67,6.53,2.07,0.095,1.99,0,0,76.4
Jul-06,3.9,0.29,0,28.6,40,23,13.61,4.47,9.14,1.913,0.212,1.7,0,0,73.91
Aug-06,3.6,0.38,0,37.1,47,27,15.94,2.18,13.75,2.115,0.237,1.88,0,0,71.59
Aug-06,5.1,0.19,415.68,31.5,49,29,13.99,3.3,10.69,0,0,0,0,0,79.33
Aug-06,3.4,0.29,0,33.9,52,33,9.73,1.66,8.07,2.265,0.105,2.16,0,0,75.77
Aug-06,4,0.32,0,31.3,50,28,14.56,2.89,11.66,0,0,0,0,0,69.84
Sep-06,5.3,0.53,0,46.1,67,40,20.82,2.12,18.72,2.197,0.231,1.97,0,0,70.24
Sep-06,5.2,0.41,0,39.3,69,40,18.2,3.58,14.88,2.246,0.257,1.99,0,0,69.27
Sep-06,5.6,0.28,418.94,36.1,65,40,17.56,4.02,13.54,0,0,0,0,0,79.08
Sep-06,3.7,0.36,0,37.7,55,0,14.57,2.43,12.13,2.214,0.112,2.1,0,0,75.36
Oct-06,5,0.46,0,43.1,111,51,20.59,3.54,17.05,2.4,0.136,2.26,0,0,70.8
Oct-06,5.9,0.38,433.69,41.4,108,61,22.25,4.17,18.09,0,0,0,0,0,74.21
Oct-06,6.2,0.58,0,51.7,103,59,22.33,2.07,20.26,2.156,0.217,1.94,0,0,65.64
Oct-06,5.5,0.46,0,46.1,100,57,20.59,4.09,16.5,2.29,0.234,2.06,0,0,65.13
Nov-06,4.5,0.53,0,30.4,96,42,25.57,5.64,19.93,2.294,0.178,2.12,0,0,73.9
Nov-06,5.8,0.43,436.41,30.4,91,62,27.18,6.1,21.08,0,0,0,0,0,76.64
Nov-06,5.6,0.52,0,33.6,84,49,26.28,6.18,20.1,2.336,0.25,2.09,0,0,67.61
Nov-06,5.9,0.68,0,38.5,85,49,28.52,3.68,24.83,2.183,0.277,1.91,0,0,67.31
Dec-06,5.4,0.7,0,28.3,87,47,32.18,6.36,25.81,2.214,0.279,1.94,0,0,68.3
Dec-06,4.4,0.53,0,24.1,90,59,28.35,7.47,20.89,2.237,0.167,2.07,0,0,73.13
Dec-06,4.9,0.53,0,26.1,87,46,27.82,7.96,19.87,2.261,0.217,2.04,0,0,68.05
Dec-06,6,0.47,437.42,23,95,52,29.79,8.06,21.73,0,0,0,0,0,75.65
Jan-07,4.8,0.68,0,27.7,93,51,27.59,4.44,23.15,1.997,0.24,1.76,0,0,70.17
Jan-07,5.3,0.51,436.89,21.2,102,56,26.55,5.74,20.82,0,0,0,0,0,76.87
Jan-07,4.9,0.55,0,23.9,96,54,24.63,4.94,19.69,2.085,0.171,1.91,0,0,69.01
Jan-07,4.8,0.55,0,23.6,78,0,25.2,5.14,20.06,2.147,0.126,2.02,0,0,74.26
Feb-07,4.7,0.47,432.53,31.2,98,57,22.65,4.2,18.44,0,0,0,0,0,75.18
Feb-07,5.2,0.54,0,29.1,88,56,26.87,6.73,20.14,2.141,0.209,1.93,0,0,66.5
Feb-07,4.7,0.54,0,34.1,80,51,24.33,5.32,19.01,2.252,0.149,2.1,0,0,72.07
Feb-07,5.2,0.67,0,35.8,85,55,28.65,4.64,24,0,0,0,0,0,66.85
Mar-07,4.4,0.64,0,31.7,67,46,26.76,4.24,22.52,2.094,0.286,1.81,0,0,71
Mar-07,3.7,0.51,0,29.2,70,0,21.5,4.28,17.22,2.311,0.155,2.16,0,0,76.01
Mar-07,4.4,0.44,439.73,26.1,80,0,22.9,4.67,18.23,0,0,0,0,0,78.58
Mar-07,4.5,0.51,0,25.3,69,44,23.95,5.98,17.97,2.158,0.245,1.91,0,0,69.97
Apr-07,4.5,0.59,0,42.4,65,0,20.5,2.08,18.41,2.129,0.235,1.89,0,0,70.01
Apr-07,4.4,0.43,450.63,34.8,73,44,19.93,4.2,15.73,0,0,0,0,0,80.35
Apr-07,4.7,0.47,0,30.7,67,0,24.4,4.32,20.08,2.089,0.188,1.9,0,0,69.24
Apr-07,4,0.49,0,36.7,79,44,20.42,3.58,16.84,2.251,0.143,2.11,0,0,74.24
May-07,4.5,0.41,0,33.9,67,41,18.8,3.22,15.58,2.047,0.209,1.84,0,0,72.77
May-07,3.9,0.42,0,41.4,81,44,13.65,1.66,11.98,2.216,0.103,2.11,0,0,71.1
May-07,3.5,0.49,0,48,60,40,14.85,1.48,13.35,1.982,0.18,1.8,0,0,74.61
May-07,3.8,0.33,438.47,36,63,0,16.21,4.23,11.99,0,0,0,0,0,85
Jun-07,4.1,0.2,450.78,21.6,36,16,12.71,4.06,8.65,0,0,0,0,0,86.11
Jun-07,5.5,0.36,0,15.5,38,21,22.35,6.13,16.22,1.963,0.309,1.65,0,0,74.46
Jun-07,3,0.41,0,25.6,31,21,17.16,4.91,12.25,1.903,0.21,1.69,0,0,77.83
Jun-07,3,0.29,0,23.1,40,20,9.59,2.24,7.35,2.131,0.096,2.04,0,0,74.36
Jul-07,2.9,0.26,0,24.6,46,22,8.47,1.75,6.72,2.114,0.083,2.03,0,0,69.91
Jul-07,3.6,0.18,456.06,24,40,0,11.27,2.86,8.41,0,0,0,0,0,79.99
Jul-07,2.7,0.31,0,27.1,31,22,12.53,2.67,9.86,1.769,0.188,1.58,0,0,73.86
Jul-07,4.9,0.26,0,17.4,41,21,16.56,4.47,12.1,1.827,0.196,1.63,0,0,70.83
Aug-07,2.6,0.29,0,28.6,44,24,9.46,2.13,7.32,2.191,0.096,2.1,0,0,78.24
Aug-07,4.4,0.21,442.77,27.7,38,19,12.18,3.14,9.04,0,0,0,0,0,86.16
Aug-07,4.2,0.42,0,31.2,36,25,16.9,2.76,14.14,1.743,0.231,1.51,0,0,81.53
Aug-07,4.7,0.36,0,20,46,23,21.79,5.16,16.63,2.048,0.289,1.77,0,0,79.55
Sep-07,4.6,0.54,0,49.9,59,44,17.64,1.54,16.07,2.19,0.448,1.74,0,0,78.9
Sep-07,4.8,0.47,0,31.9,72,44,19.34,2.26,17.07,2.136,0.255,1.88,0,0,0
Sep-07,4,0.34,411.95,47.2,64,38,12.54,2.62,9.92,0,0,0,0,0,84.83
Sep-07,3.6,0.42,0,43.4,75,42,10.89,1.68,9.19,2.246,0.131,2.12,0,0,76.51
Oct-07,4.1,0.43,0,37.8,97,44,16.66,2.59,14.06,2.167,0.153,2.01,0,0,74.73
Oct-07,5.2,0.41,411.62,43.7,94,46,20.05,3.33,16.72,0,0,0,0,0,84.35
Oct-07,5.3,0.45,0,28.5,91,47,25.62,3.34,22.28,2.142,0.239,1.9,0,0,72.86
Oct-07,5,0.57,0,44.1,77,49,24.12,2.53,21.59,2.888,0.58,2.31,0,0,75.75
Nov-07,4.7,0.44,0,23.4,95,43,30.15,4.88,25.27,2.152,0.216,1.94,0,0,71.15
Nov-07,5.1,0.4,409.79,31.2,96,44,24.86,4.48,20.39,0,0,0,0,0,83.32
Nov-07,4.2,0.43,0,28.4,98,45,22.09,4.23,17.85,2.192,0.155,2.04,0,0,74.02
Nov-07,4.8,0.6,0,29.8,88,45,27.48,4,23.48,2.239,0.49,1.75,0,0,75.23
Dec-07,5.8,0.59,0,28,114,64,30.21,5.75,24.45,2.241,0.241,2,0,0,71.72
Dec-07,5.8,0.55,422.1,26.6,114,61,29.38,5.99,23.39,0,0,0,0,0,79.59
Dec-07,5.2,0.58,0,23.5,122,62,27.78,6.38,21.4,2.31,0.196,2.12,0,0,72.83
Dec-07,5.9,0.74,0,27.9,110,65,32.64,6.12,26.52,2.742,0.587,2.15,0,0,74.51
Jan-08,5.6,0.7,0,23.9,86,56,32.23,6.75,25.48,2.505,0.411,2.09,0,0,74.89
Jan-08,5.2,0.53,0,24.4,91,49,27.89,5.52,22.37,2.196,0.244,1.95,0,0,72.85
Jan-08,4.4,0.53,0,22.1,97,47,27.17,6.48,20.69,2.259,0.183,2.08,0,0,72.86
Jan-08,5.5,0.51,417.53,22.9,96,50,29.36,6.18,23.18,0,0,0,0,0,78.99
Feb-08,4.1,0.61,0,26.5,82,54,24.3,3.99,20.32,2.197,0.287,1.91,0,0,75.13
Feb-08,4.5,0.48,400.79,25,92,54,22.87,3.77,19.1,0,0,0,0,0,80.27
Feb-08,4.1,0.47,0,28.6,93,51,21.32,3.77,17.71,1.999,0.157,1.84,0,0,73.38
Feb-08,3.9,0.5,0,27.9,99,49,20.58,2.98,17.59,2.183,0.127,2.06,0,0,73.65
Mar-08,6.3,0.68,0,41.4,107,66,26.99,2.73,24.28,2.152,0.37,1.78,0,0,68.41
Mar-08,5.5,0.49,401.41,37.2,120,63,22.54,3.39,19.16,0,0,0,0,0,75.35
Mar-08,6,0.53,0,37,119,64,25.64,3.96,21.68,2.223,0.239,1.98,0,0,67.29
Mar-08,4.8,0.54,0,39.2,131,61,22.06,3.21,18.85,2.316,0.167,2.15,0,0,67.99
Apr-08,4.6,0.51,0,36.4,92,48,21.26,3.22,18.03,2.29,0.171,2.12,0,0,72.2
Apr-08,5.5,0.61,0,40.2,69,52,21.82,2.24,19.58,2.419,0.408,2.01,0,0,72.85
Apr-08,5.3,0.43,404.79,35,81,51,19.58,3.53,16.06,0,0,0,0,0,78.4
Apr-08,5,0.48,0,33.5,77,48,21.72,6.5,15.22,2.103,0.231,1.87,0,0,68.04
May-08,4.4,0.33,400.08,33.8,64,32,16.01,2.88,13.13,0,0,0,0,0,77.74
May-08,4.1,0.39,0,31.3,67,34,17.75,4.38,13.37,2.017,0.225,1.79,0,0,70.66
May-08,4.5,0.49,0,38.6,58,36,17.42,2.01,15.39,2.292,0.337,1.96,0,0,72.84
May-08,3.7,0.4,0,34.1,73,36,16.89,2.27,14.61,2.213,0.132,2.08,0,0,71.7
Jun-08,4.2,0.33,0,19.3,39,19,16,4.85,11.15,1.949,0.292,1.66,0,0,81.81
Jun-08,4.3,0.35,0,25.3,30,0,14.9,2.91,11.99,2.058,0.28,1.78,0,0,82.12
Jun-08,3.1,0.29,0,24.9,39,19,11.24,2.26,8.98,2.101,0.109,1.99,0,0,76.73
Jun-08,4.2,0.2,383.96,22.6,35,19,11.24,2.84,8.39,0,0,0,0,0,83
Jul-08,3.9,0.19,381.89,23.6,38,17,8.79,2.9,5.91,0,0,0,0,0,82.67
Jul-08,3.7,0.25,0,21.8,41,20,11.96,2.98,9.04,1.799,0.208,1.59,0,0,80.01
Jul-08,3.8,0.29,0,28.4,32,21,11.64,2.16,9.48,2.059,0.26,1.8,0,0,81.02
Jul-08,2.9,0.24,0,27.8,38,19,10.03,2.15,7.85,2.028,0.085,1.94,0,0,77.29
Aug-08,3.8,0.2,382.14,30,44,24,9.76,2.91,6.85,0,0,0,0,0,81.08
Aug-08,3.8,0.26,0,25.6,45,24,12.51,3.33,9.4,1.835,0.185,1.66,0,0,78
Aug-08,3.3,0.26,0,29.8,44,26,10.5,2.06,8.43,2.145,0.089,2.06,0,0,76.18
Aug-08,4.1,0.31,0,31.1,34,26,12.2,2.35,9.84,2.151,0.303,1.85,0,0,78.71
Sep-08,4.4,0.45,0,43.1,56,41,14.19,2.01,12.16,2.274,0.345,1.93,0,0,80.83
Sep-08,3.2,0.35,0,38.6,64,35,10.99,1.68,9.31,2.157,0.096,2.06,0,0,79.65
Sep-08,4,0.27,385.04,40,57,33,12.09,3.64,8.45,0,0,0,0,0,80.56
Sep-08,4,0.38,0,33.3,65,38,15.12,3.46,11.66,1.939,0.24,1.72,0,0,80.35
Oct-08,5,0.52,0,47.5,78,54,17.97,4.17,13.8,2.391,0.393,2,0,0,78.16
Oct-08,4.4,0.43,0,39.7,94,51,16.81,2.88,13.93,2.207,0.138,2.07,0,0,77.89
Oct-08,4.8,0.41,0,38,87,49,17.03,3.76,13.27,1.951,0.21,1.74,0,0,77.89
Oct-08,4.3,0.37,395.5,41.9,85,46,16.38,3.13,13.24,0,0,0,0,0,78.93
Nov-08,3.8,0.4,0,29,105,45,22.8,5.05,17.76,2.163,0.132,2.03,0,0,73.99
Nov-08,4.2,0.36,389.01,31.5,99,45,20.92,3.9,17.02,0,0,0,0,0,78.63
Nov-08,4.1,0.38,0,28,100,45,21.32,4.63,16.69,1.939,0.177,1.76,0,0,74.82
Nov-08,4.4,0.52,0,33.6,98,52,24.28,5.8,18.48,2.343,0.321,2.02,0,0,74.62
Dec-08,4,0.48,0,26.6,119,48,29.39,6.37,23.03,2.23,0.132,2.1,0,0,69.95
Dec-08,4,0.43,404.15,26.9,99,45,23.8,5.13,18.67,0,0,0,0,0,74.73
Dec-08,4.1,0.46,0,24,103,47,27.59,6.52,21.07,2.03,0.229,1.8,0,0,72.05
Dec-08,4.5,0.64,0,28.9,108,56,31.08,5.83,25.25,2.442,0.37,2.07,0,0,70.53
Jan-09,4.5,0.58,0,27.9,93,55,27.03,4.32,22.7,2.352,0.389,1.96,0,0,70.43
Jan-09,4.1,0.44,0,25,95,49,21.98,4.82,17.16,1.934,0.158,1.78,0,0,70.36
Jan-09,4,0.47,0,26.4,100,48,25.43,5.84,19.58,2.162,0.112,2.05,0,0,70.09
Jan-09,4.1,0.43,397.94,27.5,90,47,23.49,5.78,17.71,0,0,0,0,0,68.31
Feb-09,4.3,0.6,0,35.5,81,55,24.41,3.24,21.17,2.119,0.273,1.85,0,0,76.93
Feb-09,3.9,0.42,394.95,34.2,87,46,20.96,5.15,15.82,0,0,0,0,0,63.1
Feb-09,4.4,0.46,0,32,92,49,20.68,4.03,16.65,1.984,0.19,1.79,0,0,75.74
Feb-09,3.6,0.47,0,32.5,98,50,20.79,4.11,16.67,2.206,0.128,2.08,0,0,76.22
Mar-09,4.1,0.56,0,40.5,72,49,23.36,2.27,21.08,2.119,0.252,1.87,0,0,73.86
Mar-09,3.9,0.38,397.39,36.7,79,42,20.75,4.41,16.33,0,0,0,0,0,63.65
Mar-09,3.9,0.4,0,38.7,84,44,20.37,3,17.37,1.776,0.167,1.61,0,0,75.09
Mar-09,3.7,0.43,0,35.3,83,43,20.67,3.08,17.58,2.193,0.123,2.07,0,0,75.94
Apr-09,3.7,0.44,0,43.7,85,47,18.96,2.63,16.34,2.192,0.122,2.07,0,0,74.29
Apr-09,4.2,0.54,0,47.7,77,52,21.76,1.86,19.9,2.03,0.217,1.81,0,0,72.48
Apr-09,4,0.39,397.72,43,84,45,15.77,3.81,11.97,0,0,0,0,0,65.3
Apr-09,4.2,0.43,0,46.5,88,48,19.31,3.05,16.26,1.88,0.173,1.71,0,0,73.34
May-09,3.8,0.31,401.25,44.4,70,37,13.86,4.53,9.33,0,0,0,0,0,68.45
May-09,4.1,0.35,0,46.1,74,40,17.15,3.8,13.34,1.888,0.156,1.73,0,0,70.05
May-09,4.4,0.43,0,50.1,60,45,17.6,1.99,15.61,1.936,0.181,1.76,0,0,69.05
May-09,4.1,0.36,0,44.4,79,40,15.78,2.21,13.56,2.163,0.099,2.06,0,0,70.72
Jun-09,3.7,0.29,0,29.9,48,25,14.54,3.37,11.17,1.839,0.17,1.67,0,0,74.65
Jun-09,4.2,0.33,0,32.1,39,32,14.79,2.36,12.43,1.847,0.16,1.69,0,0,77.17
Jun-09,3.1,0.28,0,30.3,49,24,12.04,2.68,9.36,2.095,0.089,2.01,0,0,76.52
Jun-09,4,0.22,402.64,30.7,45,22,11.61,3,8.61,0,0,0,0,0,76.32
Jul-09,3.6,0.18,406.75,21.7,34,17,12,3.7,8.3,0,0,0,0,0,77.52
Jul-09,3.5,0.23,0,21.6,38,20,13.18,3.97,9.21,1.818,0.173,1.66,0,0,74.62
Jul-09,4,0.29,0,23.2,34,21,13.76,3.21,10.55,1.749,0.151,1.6,0,0,77.23
Jul-09,2.8,0.23,0,21.6,38,18,11.41,3.06,8.35,2.038,0.078,1.96,0,0,76.01
Aug-09,3.4,0.19,406.6,26.2,43,22,10.52,2.99,7.53,0,0,0,0,0,79.14
Aug-09,3.1,0.25,0,26.6,49,26,12.74,3.61,9.12,1.702,0.174,1.57,0,0,76.21
Aug-09,2.6,0.26,0,26.1,49,23,10.08,2.24,7.85,2.159,0.072,2.09,0,0,78.81
Aug-09,3.6,0.3,0,28.3,46,27,12.88,2.66,10.22,1.776,0.147,1.63,0,0,78.27
Sep-09,4.3,0.39,0,38.7,61,31,15.36,3.07,12.3,1.823,0.179,1.64,0,0,74.71
Sep-09,3.2,0.32,0,39.8,65,31,11.21,2.12,9.09,2.169,0.087,2.08,0,0,75.11
Sep-09,3.7,0.26,407.76,37.1,56,28,12.19,2.66,9.53,0,0,0,0,0,75.7
Sep-09,3.2,0.32,0,38.7,62,33,14.08,2.57,11.51,1.732,0.199,1.53,0,0,73.04
Oct-09,4.2,0.49,0,46,112,45,20.93,3.08,17.85,1.89,0.243,1.65,0,0,73.78
Oct-09,3.7,0.38,0,39.9,112,41,19.07,3.7,15.37,2.185,0.117,2.07,0,0,75.56
Oct-09,4.2,0.36,0,44.3,116,47,19.24,3.31,15.93,1.765,0.199,1.57,0,0,73.08
Oct-09,3.9,0.34,412.22,40,104,41,18.25,3.03,15.22,0,0,0,0,0,78.25
Nov-09,3.9,0.43,0,27.5,108,43,24.68,6.26,18.42,2.218,0.145,2.07,0,0,76.94
Nov-09,4.1,0.39,421.6,28.9,94,42,21.56,3.84,17.72,0,0,0,0,0,78.82
Nov-09,3.9,0.39,0,31.5,107,43,23.25,5.24,18.01,1.777,0.195,1.58,0,0,73.76
Nov-09,4.2,0.53,0,33.2,94,41,24.46,4.15,20.31,1.975,0.242,1.73,0,0,73.93
Dec-09,4.6,0.55,0,22.6,113,58,29.47,6.14,23.33,2.26,0.186,2.07,0,0,75.83
Dec-09,5.5,0.48,427.17,23.4,102,56,26.53,5.53,21,0,0,0,0,0,77.66
Dec-09,4.9,0.51,0,27.2,112,58,27.73,7.1,20.64,2.005,0.228,1.78,0,0,72.75
Dec-09,5.4,0.68,0,26.9,103,61,31.38,6.18,25.2,2.062,0.308,1.75,0,0,72.5
Jan-10,4.9,0.67,0,27.3,94,58,29.93,5.51,24.42,2.048,0.3,1.75,0,0,74.36
Jan-10,4.2,0.51,0,26.8,98,53,26.73,6.22,20.51,2.11,0.226,1.88,0,0,74.35
Jan-10,4.2,0.54,0,22.4,100,54,29.24,6.7,22.54,2.271,0.162,2.11,0,0,77.74
Jan-10,6.1,0.47,425.92,23.5,95,51,25.37,6.72,18.65,0,0,0,0,0,79.64
Feb-10,3.8,0.62,0,24.1,61,38,27.3,6.21,21.09,2.024,0.264,1.76,0,0,78.62
Feb-10,4.6,0.41,417.38,21.7,65,36,21.67,5.65,16.02,0,0,0,0,0,83.4
Feb-10,3.1,0.48,0,24.1,67,36,22.9,5.79,17.12,2.114,0.247,1.87,0,0,76.72
Feb-10,3.1,0.48,0,21.6,68,40,23.4,5.29,18.11,2.202,0.135,2.07,0,0,80.53
Mar-10,4.8,0.57,0,33.4,118,48,24.21,3.91,20.3,1.967,0.257,1.71,0,0,70.64
Mar-10,5.6,0.4,413.33,29.3,120,47,21.01,4.92,16.1,0,0,0,0,0,78.68
Mar-10,4.1,0.46,0,31.9,126,48,22.39,5.36,17.03,2.1,0.204,1.9,0,0,70.2
Mar-10,4.3,0.48,0,29.7,130,49,22.18,4.74,17.44,2.23,0.146,2.08,0,0,72.52
Apr-10,3.9,0.44,0,26.9,78,41,20.93,4.05,16.88,2.192,0.126,2.07,0,0,78.28
Apr-10,4.4,0.52,0,35.3,81,42,23.12,3.79,19.33,0,0,0,0,0,75.4
Apr-10,4.9,0.37,415.42,26.7,79,42,21.05,4.82,16.23,0,0,0,0,0,82.42
Apr-10,3.8,0.43,0,32,87,42,20.66,5.11,15.55,2.049,0.177,1.87,0,0,73.99
May-10,4.9,0.28,418.47,27.7,64,31,15.91,3.71,12.2,0,0,0,0,0,82.07
May-10,3.4,0.34,0,35.7,69,32,15.29,4.44,10.85,1.979,0.138,1.84,0,0,72.86
May-10,3.7,0.4,0,38.6,60,30,15.43,1.96,13.47,1.923,0.17,1.75,0,0,75.28
May-10,3.8,0.36,0,29.9,72,33,15.02,3.22,11.8,2.126,0.103,2.02,0,0,77.19
Jun-10,3.6,0.3,0,22.3,46,22,16.63,5.79,10.84,2.007,0.225,1.78,0,0,75.68
Jun-10,4,0.33,0,25.1,39,21,15.41,3.26,12.15,1.863,0.169,1.69,0,0,80.33
Jun-10,3.2,0.27,0,20.5,42,20,12.29,3.58,8.72,2.016,0.086,1.93,0,0,80.04
Jun-10,3.5,0.19,410.16,19.1,41,20,13.19,4.06,9.13,0,0,0,0,0,84.1
Jul-10,4.5,0.16,410.05,20.9,34,16,10.94,3.9,7.04,0,0,0,0,0,82.81
Jul-10,3.7,0.24,0,21.7,37,18,15.89,5.57,10.33,2.038,0.202,1.84,0,0,74.89
Jul-10,4,0.32,0,24.2,31,16,14.43,2.93,11.51,1.835,0.169,1.67,0,0,78.52
Jul-10,3,0.23,0,23.1,35,17,11.76,3.63,8.13,2.03,0.079,1.95,0,0,78.52
Aug-10,6.1,0.19,411.5,24.5,38,19,10.27,3.86,6.41,0,0,0,0,0,83.71
Aug-10,3.7,0.28,0,26.7,42,22,15.54,4.47,11.08,2.099,0.186,1.91,0,0,74.68
Aug-10,3.5,0.28,0,28.5,44,23,10.01,3.63,6.39,2.162,0.083,2.08,0,0,79.97
Aug-10,4,0.35,0,29.7,36,21,14.15,2.17,11.98,1.867,0.177,1.69,0,0,78.09
Sep-10,4.3,0.39,0,35,44,28,15.25,2.21,13.04,1.919,0.188,1.73,0,0,81.1
Sep-10,3.1,0.3,0,30.9,51,28,14.21,4.11,10.1,2.173,0.086,2.09,0,0,81.94
Sep-10,3.8,0.23,410.77,28,46,26,11.21,3.93,7.28,0,0,0,0,0,85.58
Sep-10,4.1,0.33,0,33.1,53,30,16.45,3.74,12.72,2.185,0.191,1.99,0,0,75.91
Oct-10,4.1,0.46,0,40.1,71,39,18.72,2.38,16.34,1.997,0.218,1.78,0,0,75.93
Oct-10,3.6,0.36,0,30.9,79,37,19.2,4.02,15.18,2.113,0.102,2.01,0,0,78.61
Oct-10,3.8,0.36,0,37.9,75,42,19,3.48,15.53,2.132,0.129,2,0,0,72.54
Oct-10,4.2,0.33,412.9,32.3,76,40,17.74,4.93,12.82,0,0,0,0,0,81.24
Nov-10,4.1,0.43,0,24.4,97,48,25.5,4.37,21.13,2.177,0.152,2.03,0,0,79.7
Nov-10,4.1,0.39,421.98,25.7,90,49,22.72,6.78,15.94,0,0,0,0,0,81.83
Nov-10,4.1,0.42,0,29.1,87,48,25.37,5.31,20.05,2.203,0.191,2.01,0,0,74.17
Nov-10,4.3,0.56,0,31.4,81,45,27.34,4.04,23.3,2.14,0.292,1.85,0,0,76.58
Dec-10,4.9,0.53,0,23.5,114,55,30.87,5.93,24.94,2.233,0.194,2.04,0,0,71
Dec-10,5.1,0.5,423.29,24.9,108,59,26.32,7.37,18.95,0,0,0,0,0,76.28
Dec-10,5.2,0.5,0,28.9,107,56,30.82,6.99,23.83,2.236,0.217,2.02,0,0,66.33
Dec-10,5.7,0.65,0,32.3,101,57,31.83,4.5,27.34,2.224,0.312,1.91,0,0,67.83
Jan-11,4,0.41,0,22.1,69,37,22.71,4.87,17.84,2.05,0.15,1.9,0,0,73.35
Jan-11,4.4,0.44,420.01,19.3,71,38,23.01,7.06,15.95,0,0,0,0,0,81.04
Jan-11,3.8,0.44,0,14.7,83,36,24.93,5,19.93,2.082,0.128,1.95,0,0,77.81
Jan-11,3.9,0.53,0,21.6,67,38,25.5,4.55,20.96,2.122,0.213,1.91,0,0,74.77
Feb-11,3.6,0.5,422.91,28.9,102,59,21.14,5.96,15.17,0,0,0,0,0,81.88
Feb-11,3.7,0.52,0,30.1,122,61,23.39,4.42,18.96,2.196,0.145,2.05,0,0,79.69
Feb-11,3.9,0.67,0,32,101,63,26.29,3.69,22.6,2.275,0.267,2.01,0,0,75.49
Feb-11,3.7,0.5,0,32.5,103,60,23.1,4.54,18.55,2.173,0.175,2,0,0,74.53
Mar-11,4.4,0.49,0,34.6,106,60,24.01,3.59,20.41,2.19,0.148,2.04,0,0,73.94
Mar-11,4.8,0.47,0,39.2,104,58,22.33,4.51,17.82,2.198,0.175,2.02,0,0,69.55
Mar-11,5,0.47,423.34,33.7,102,57,21.57,4.3,17.27,0,0,0,0,0,76.89
Mar-11,5.1,0.58,0,37.4,97,59,24.77,2.75,22.02,2.222,0.25,1.97,0,0,70.53
Apr-11,4.4,0.39,424.25,44.2,92,49,17.13,4.48,12.66,0,0,0,0,0,76.39
Apr-11,4.3,0.51,0,51,86,48,18.51,1.72,16.78,2.159,0.203,1.96,0,0,70.79
Apr-11,4.2,0.44,0,46.6,105,51,18.4,3.13,15.26,2.169,0.107,2.06,0,0,71.55
Apr-11,4.3,0.42,0,49.7,98,51,18.08,4.21,13.86,2.173,0.154,2.02,0,0,68.75
May-11,3.8,0.46,0,35.7,52,29,17.09,2.64,14.45,2.113,0.212,1.9,0,0,78.29
May-11,3.3,0.36,0,32.5,63,31,16.06,3.53,12.53,2.141,0.09,2.05,0,0,78.75
May-11,3.7,0.31,420.55,32.5,60,29,15.85,4.9,10.95,0,0,0,0,0,82.93
May-11,3.7,0.34,0,36.9,63,31,16.59,5,11.59,2.148,0.166,1.98,0,0,74.42
Jun-11,3.5,0.27,0,21.8,45,20,14.59,5.72,8.87,2.042,0.17,1.87,0,0,72.25
Jun-11,3.9,0.3,0,24.2,35,18,13.28,2.89,10.39,1.956,0.155,1.8,0,0,78.46
Jun-11,3.3,0.28,0,24.3,45,20,12.68,3.44,9.24,2.044,0.082,1.96,0,0,76.7
Jun-11,3.9,0.2,414.48,23.3,47,19,12.43,4.75,7.68,0,0,0,0,0,80.03
Jul-11,3.3,0.16,410.89,23.8,35,17,9.74,4.13,5.61,0,0,0,0,0,83.95
Jul-11,3,0.26,0,21.2,39,18,14.14,5.53,8.62,2.096,0.2,1.9,0,0,75.98
Jul-11,3.9,0.3,0,23.5,33,17,12.71,2.62,10.09,1.957,0.153,1.8,0,0,81.87
Jul-11,2.8,0.23,0,21.4,36,16,10.12,2.98,7.14,1.997,0.065,1.93,0,0,79.27
Aug-11,4.8,0.17,414.86,27.8,38,21,10.86,2.97,7.9,0,0,0,0,0,79.22
Aug-11,3.5,0.24,0,25.9,38,22,12.48,3.87,8.62,2.013,0.162,1.85,0,0,75.59
Aug-11,3.4,0.24,0,25.9,42,21,10.4,2.84,7.56,2.009,0.068,1.94,0,0,76.98
Aug-11,3.9,0.28,0,27.2,38,22,11.69,2.41,9.27,1.931,0.136,1.79,0,0,77.84
Sep-11,4.5,0.43,0,44.4,64,31,14.38,1.63,12.75,2.062,0.19,1.87,0,0,75.71
Sep-11,4.2,0.37,0,41.8,77,38,13.98,3.43,10.55,2.145,0.085,2.06,0,0,76.95
Sep-11,4.7,0.35,0,42.7,68,38,14.43,3.71,10.72,2.152,0.173,1.98,0,0,73.34
Sep-11,5.7,0.29,416.79,42.4,64,39,14.01,3,11.01,0,0,0,0,0,80.29
Oct-11,3.9,0.34,425.46,36.8,69,40,17.68,4.26,13.42,0,0,0,0,0,80.89
Oct-11,4.4,0.53,0,38.9,73,39,20.15,2.51,17.64,2.198,0.252,1.95,0,0,78.2
Oct-11,4.1,0.38,0,36.2,76,35,19.82,4.76,15.06,2.08,0.099,1.98,0,0,79.57
Oct-11,4.1,0.38,0,38.6,75,37,18.72,4.78,13.94,2.201,0.168,2.03,0,0,75.49
Nov-11,3.4,0.45,0,24.7,81,38,23.12,6.24,16.88,2.168,0.153,2.02,0,0,85.17
Nov-11,3.8,0.39,430.21,26.2,65,34,20.03,4.45,15.57,0,0,0,0,0,85.57
Nov-11,3.6,0.45,0,28.1,75,34,22.6,6.37,16.23,2.256,0.227,2.03,0,0,80.57
Nov-11,3.7,0.63,0,26.2,68,39,25.12,5.13,19.99,2.282,0.317,1.97,0,0,84.1
Dec-11,3.4,0.41,0,22.1,71,36,21.62,3.93,17.69,2.061,0.123,1.94,0,0,79.28
Dec-11,3.7,0.38,421.74,21.8,69,35,20.52,3.49,17.03,0,0,0,0,0,79.97
Dec-11,3.4,0.39,0,23.1,72,34,20.02,4.16,15.86,2.072,0.158,1.91,0,0,74.44
Dec-11,3.6,0.52,0,21.7,69,38,23.24,3.66,19.58,2.125,0.216,1.91,0,0,77.84
Jan-12,2.9,0.58,0,23.8,69,41,22.99,4.08,18.91,2.099,0.207,1.89,0,0,81.05
Jan-12,3,0.44,0,25.2,74,37,18.52,3.85,14.67,2.141,0.222,1.92,0,0,77.07
Jan-12,2.9,0.47,0,22.5,72,37,21.31,3.83,17.47,2.031,0.106,1.93,0,0,83.25
Jan-12,3.1,0.45,414.29,22,69,38,20.75,3.89,16.85,0,0,0,0,0,82.93
Feb-12,3,0.62,0,24.2,73,43,25.04,4.74,20.3,2.159,0.248,1.91,0,0,81.96
Feb-12,2.9,0.44,417.37,22.3,72,40,21.97,4,17.98,0,0,0,0,0,83.91
Feb-12,2.7,0.46,0,25.5,81,33,20.91,4.97,15.94,2.155,0.179,1.98,0,0,77.98
Feb-12,2.5,0.46,0,22.7,79,41,21.67,4.01,17.65,2.065,0.117,1.95,0,0,84.49
Mar-12,3.5,0.59,0,35.6,91,46,23.01,2.96,20.05,2.154,0.235,1.92,0,0,76.1
Mar-12,3.7,0.43,420.39,34.3,90,45,20.37,2.63,17.74,0,0,0,0,0,79.52
Mar-12,3.1,0.48,0,34.2,102,40,21.1,4.19,16.91,2.216,0.218,2,0,0,72.52
Mar-12,3.2,0.48,0,33,96,44,20.71,3.16,17.54,2.098,0.126,1.97,0,0,78.95
Apr-12,3.3,0.41,0,28.9,80,34,15.78,2.31,13.47,2.118,0.122,2,0,0,79.16
Apr-12,3.9,0.46,0,33.6,63,30,17.13,1.97,15.15,2.042,0.201,1.84,0,0,77.67
Apr-12,3.7,0.33,420.32,28.9,65,32,16.2,2.36,13.84,0,0,0,0,0,79.59
Apr-12,3.5,0.41,0,32.2,75,31,18.29,3.42,14.87,2.186,0.237,1.95,0,0,72.52
May-12,3.7,0.25,416.32,31.9,54,27,11.86,1.49,10.37,0,0,0,0,0,83.02
May-12,3.4,0.32,0,34.9,60,26,14.55,2.9,11.65,2.049,0.19,1.86,0,0,74.67
May-12,3.8,0.39,0,35.7,53,26,14.23,2.09,12.14,1.976,0.184,1.79,0,0,80.31
May-12,3.3,0.32,0,32.7,66,27,11.5,1.78,9.71,2.046,0.102,1.94,0,0,81.12
Jun-12,3.1,0.28,0,28,50,16,13.11,2.48,10.64,1.986,0.205,1.78,0,0,78.97
Jun-12,3.1,0.31,0,27.1,41,20,12.19,2.06,10.12,1.881,0.14,1.74,0,0,85.62
Jun-12,2.3,0.27,0,26.2,52,18,9.68,1.79,7.88,1.963,0.079,1.88,0,0,85.26
Jun-12,3.5,0.2,405.17,28.2,44,0,10.23,1.34,8.89,0,0,0,0,0,84.34
Jul-12,3.3,0.17,412.29,23.9,42,22,10.16,2.28,7.88,0,0,0,0,0,81.32
Jul-12,2.8,0.23,0,24.4,41,16,11.58,2.7,8.87,1.938,0.17,1.77,0,0,74.74
Jul-12,3.3,0.3,0,22.7,35,19,11.2,1.52,9.68,1.81,0.156,1.65,0,0,80.76
Jul-12,2.5,0.24,0,21.5,53,20,9.77,1.94,7.83,2.036,0.085,1.95,0,0,81.54
Aug-12,3.7,0.21,408.78,26.6,41,23,9.81,1.92,7.89,0,0,0,0,0,86.25
Aug-12,3.3,0.3,0,26.5,45,20,14.78,3.06,11.73,2.068,0.231,1.84,0,0,79.73
Aug-12,2.6,0.29,0,25.7,50,23,11.07,1.59,9.47,2.13,0.098,2.03,0,0,86.54
Aug-12,3.3,0.38,0,25.4,40,23,13.33,1.79,11.54,1.881,0.181,1.7,0,0,85.86
Sep-12,3.7,0.41,0,42,62,35,13.68,1.32,12.35,1.931,0.181,1.75,0,0,73.6
Sep-12,3.3,0.33,0,37.7,74,35,13.5,1.32,12.16,2.101,0.107,1.99,0,0,74.24
Sep-12,3.7,0.27,415.35,40,60,35,11.72,1.69,10.02,0,0,0,0,0,74.31
Sep-12,3.3,0.29,0,41.7,68,32,12.86,2.04,10.81,2.005,0.143,1.86,0,0,69
Oct-12,3.8,0.5,0,45.5,85,42,18.24,1.46,16.77,2.053,0.225,1.83,0,0,72.06
Oct-12,3.5,0.38,0,40.3,97,41,16.89,1.88,15.01,2.097,0.117,1.98,0,0,71.83
Oct-12,3.8,0.37,0,43.6,91,39,17.7,2.42,15.28,2.103,0.173,1.93,0,0,67.35
Oct-12,4.1,0.35,418.68,40.6,79,43,17.58,2.12,15.46,0,0,0,0,0,72.28
Nov-12,4.1,0.53,0,28.6,98,43,22.3,3.95,18.34,2.194,0.165,2.03,0,0,78
Nov-12,4,0.47,431.16,28.8,80,41,22,3.62,18.38,0,0,0,0,0,77.73
Nov-12,3.6,0.51,0,31.9,86,40,23.41,4.16,19.25,2.223,0.249,1.97,0,0,73.43
Nov-12,4.2,0.66,0,34.9,76,44,24.06,3.11,20.95,2.162,0.291,1.87,0,0,78.15
Dec-12,3.4,0.49,0,23.8,84,39,23.19,4.33,18.86,2.11,0.137,1.97,0,0,78.53
Dec-12,3.7,0.46,426.71,24.3,73,38,21.12,3.59,17.53,0,0,0,0,0,77.63
Dec-12,3.8,0.46,0,27.5,73,35,20.9,3.9,17,2.113,0.173,1.94,0,0,74.04
Dec-12,3.5,0.6,0,27.5,70,40,23.39,3.11,20.28,2.078,0.239,1.84,0,0,78.58
Jan-13,3.3,0.52,0,25.6,98,46,23.01,4.39,18.62,2.132,0.122,2.01,0,0,77.82
Jan-13,3,0.47,0,30.4,88,46,19.97,4.06,15.91,2.083,0.16,1.92,0,0,73.27
Jan-13,3.8,0.48,424.92,24.3,82,47,21.29,3.8,17.49,0,0,0,0,0,76.02
Jan-13,3.4,0.62,0,27.9,84,51,23.47,3.71,19.76,2.094,0.227,1.87,0,0,76.51
Feb-13,2.8,0.47,0,30.9,106,48,18.92,3.09,15.83,2.16,0.104,2.06,0,0,79.06
Feb-13,3.2,0.41,0,35.3,93,46,16.39,3.05,13.33,2.091,0.138,1.95,0,0,73.61
Feb-13,2.8,0.42,428.32,29.8,85,48,16.82,2.36,14.46,0,0,0,0,0,74.61
Feb-13,2.9,0.56,0,33.4,94,51,19.08,2.4,16.67,2.093,0.2,1.89,0,0,75.33
Mar-13,3.7,0.44,0,35.4,105,42,18.76,2.46,16.29,2.183,0.114,2.07,0,0,74.8
Mar-13,4,0.4,426.4,32.1,80,42,17.68,2.04,15.64,0,0,0,0,0,72.03
Mar-13,3.4,0.51,0,37.9,88,44,17.85,1.95,15.9,2.068,0.202,1.87,0,0,71.32
Mar-13,3.3,0.4,0,39.1,87,39,17,2.79,14.2,2.141,0.176,1.97,0,0,69.43
Apr-13,3.3,0.6,0,38.4,69,42,19.95,1.99,17.96,2.156,0.231,1.93,0,0,77.41
Apr-13,3.3,0.48,0,38.1,76,39,17.48,2.18,15.29,2.193,0.203,1.99,0,0,74.92
Apr-13,3,0.49,0,33.2,87,40,18.18,2.25,15.93,2.209,0.125,2.08,0,0,77.67
Apr-13,3.6,0.43,433.17,30.8,69,41,17.44,1.97,15.47,0,0,0,0,0,77.45
May-13,2.7,0.3,0,24.7,54,23,12.24,2.17,10.06,2.061,0.087,1.97,0,0,80.31
May-13,3.2,0.37,0,28.2,44,25,13.99,2,11.99,1.933,0.173,1.76,0,0,80.91
May-13,3.4,0.33,0,28.3,52,20,14.65,2.93,11.72,2.073,0.213,1.86,0,0,75.89
May-13,3.7,0.23,433.85,24.3,45,25,12.37,2.01,10.36,0,0,0,0,0,78.8
Jun-13,3.4,0.35,0,25.7,47,26,12.48,1.96,10.52,1.9,0.165,1.73,0,0,76.95
Jun-13,3.2,0.29,0,24.7,55,22,14.13,2.98,11.15,2.008,0.178,1.83,0,0,72.87
Jun-13,2.5,0.29,0,23.6,56,24,11.26,2.02,9.24,2.011,0.083,1.93,0,0,76.62
Jun-13,3.3,0.22,424.59,23.1,41,21,10.44,1.92,8.52,0,0,0,0,0,77.45
Jul-13,3.6,0.31,0,23.8,36,20,12.14,2.2,9.94,1.855,0.155,1.7,0,0,75.42
Jul-13,3.9,0.17,425.77,23.5,33,17,10.05,2.09,7.96,0,0,0,0,0,76.14
Jul-13,3.6,0.23,0,23.2,41,16,13.54,3.11,10.43,1.932,0.145,1.79,0,0,71.34
Jul-13,2.9,0.24,0,23.8,43,21,10.83,1.97,8.87,1.981,0.074,1.91,0,0,76.09
Aug-13,2.9,0.25,0,22.1,38,14,12.68,2.91,9.77,1.983,0.185,1.8,0,0,79.94
Aug-13,2.3,0.24,0,24.7,41,20,9.19,1.65,7.54,2.055,0.063,1.99,0,0,81.59
Aug-13,3.6,0.17,419.66,23.2,30,15,9.73,1.91,7.81,0,0,0,0,0,79.66
Aug-13,3.3,0.29,0,24.2,35,20,11.33,1.88,9.44,1.842,0.143,1.7,0,0,81.16
Sep-13,4.2,0.42,0,43.1,60,37,14.17,1.75,12.42,1.997,0.184,1.81,1.73,0,76.9
Sep-13,3,0.35,0,39,67,33,11.64,1.58,10.06,2.119,0.089,2.03,1.57,0,79.46
Sep-13,3.4,0.35,0,41.2,65,32,14.12,2.23,11.88,2.094,0.179,1.92,1.81,0,75.96
Sep-13,3.8,0.27,429.89,39.6,54,29,11.31,1.7,9.6,0,0,0,1.85,0,78.93
Oct-13,3.3,0.36,0,40.9,108,39,14.79,1.62,13.16,2.058,0.095,1.96,0,0,75.87
Oct-13,4.2,0.33,434.51,40.3,88,33,15.26,1.32,13.93,0,0,0,0,0,73.9
Oct-13,3.9,0.36,0,44.6,106,41,16.58,2.39,14.19,2.068,0.15,1.92,0,0,71.06
Oct-13,4.3,0.45,0,45.5,97,45,17.06,1.6,15.46,2.026,0.197,1.83,0,0,71.51
Nov-13,4.7,0.45,437.55,28.8,103,39,22.01,2.8,19.21,0,0,0,0,0,75.06
Nov-13,4.6,0.46,0,34.9,110,50,21.35,3.63,17.71,2.136,0.177,1.96,0,0,73.33
Nov-13,3.6,0.46,0,30.7,121,52,20.83,3.2,17.63,2.096,0.14,1.96,0,0,76.74
Nov-13,4.5,0.59,0,35.2,101,54,22.79,2.7,20.09,2.122,0.254,1.87,0,0,73.05
Dec-13,4.5,0.48,0,24.6,99,52,22.52,3.31,19.2,0,0,0,2.44,0,74.65
Dec-13,4.9,0.48,0,21.2,85,46,23.06,2.91,20.14,0,0,0,3.45,0,74.88
Dec-13,4.4,0.49,0,27,95,51,23.77,3.92,19.85,0,0,0,2.94,0,72.89
Dec-13,4.6,0.63,0,27.1,88,56,25.85,3.32,22.53,0,0,0,2.6,0,72.05
Jan-14,4.9,0.66,0,33.1,109,53,27.23,3.71,23.52,0,0,0,2.36,0,67.34
Jan-14,4.5,0.51,0,33.6,115,51,25.67,5.12,20.55,0,0,0,2.56,0,69.17
Jan-14,4,0.5,0,30.4,111,50,24.51,4.6,19.91,0,0,0,2.17,0,69.7
Jan-14,4.6,0.48,438.29,29.5,101,50,22.1,2.97,19.13,0,0,0,2.86,0,71.83
Feb-14,3.2,0.54,0,29.4,73,33,21.27,2.64,18.62,0,0,0,2.49,18.71,74.51
Feb-14,3.3,0.4,438.97,27.8,71,34,18.17,2.04,16.12,0,0,0,3.14,17.13,77.11
Feb-14,4,0.42,0,29.8,77,35,19.72,3.73,15.99,0,0,0,2.75,18.25,75.21
Feb-14,3.1,0.43,0,28.2,79,36,18.88,2.78,16.09,0,0,0,2.42,18.08,78.37
Mar-14,4.1,0.58,0,33.9,84,36,21.4,2.24,19.17,0,0,0,2.09,21.83,72.15
Mar-14,4.6,0.43,436.29,33,86,41,17.69,1.58,16.09,0,0,0,2.62,20.02,74.33
Mar-14,3.7,0.47,0,33.9,97,42,20.01,3.51,16.49,0,0,0,2.39,21.25,72.21
Mar-14,3.4,0.46,0,32.8,94,42,17.41,2.45,14.96,0,0,0,2.11,21,76.19
Apr-14,3.8,0.44,0,38.7,90,37,14.93,1.98,12.94,0,0,0,2.05,24.47,76
Apr-14,0,0,0,0,0,32,0,0,0,0,0,0,0,0,0
Apr-14,4.4,0.39,438.31,38.4,77,36,15.61,1.36,14.24,0,0,0,2.49,23.76,76.6
Apr-14,4.6,0.43,0,40.6,84,36,16.56,2.69,13.87,0,0,0,2.25,25.02,74.01
May-14,3.2,0.27,432.69,22.1,38,18,13.42,1.8,11.63,0,0,0,2.19,26.63,81.87
May-14,4.1,0.38,0,23.5,49,20,18.13,5.25,12.88,0,0,0,2.08,27.37,78.79
May-14,0,0,0,0,0,17,0,0,0,0,0,0,0,0,0
May-14,2.9,0.35,0,23.3,57,19,12.81,2.57,10.23,0,0,0,1.73,26.94,79.03
Jun-14,3.5,0.28,0,22.7,43,13,13.77,3.17,10.6,0,0,0,2.5,29.5,78.37
Jun-14,0,0,0,0,0,10,0,0,0,0,0,0,0,0,0
Jun-14,2.6,0.26,0,22.3,41,12,9.06,1.81,7.25,0,0,0,1.98,29.13,76.39
Jun-14,3.1,0.2,422.59,22,33,12,9.84,1.56,8.27,0,0,0,2.75,29.33,80.64
Jul-14,3,0.17,428.51,24.4,33,15,9.15,1.83,7.32,0,0,0,2.5,29.27,78.12
Jul-14,2.8,0.21,0,24.3,37,13,11.29,2.5,8.78,0,0,0,2.53,30.74,75.98
Jul-14,0,0,0,0,0,14,0,0,0,0,0,0,0,0,0
Jul-14,2.6,0.22,0,24.7,35,14,7.89,1.65,6.24,0,0,0,2.1,30.55,71.93
Aug-14,3.2,0.17,415.72,22.3,27,12,8.75,1.87,6.88,0,0,0,2.35,29.5,80.89
Aug-14,2.7,0.25,0,21.8,32,11,12.72,2.86,9.86,0,0,0,2.18,29.43,79.69
Aug-14,2.6,0.23,0,24,31,12,7.37,1.57,5.8,0,0,0,1.76,29.34,75.12
Aug-14,3,0.28,0,23,25,10,10.22,1.83,8.39,0,0,0,1.91,30.37,77.05
Sep-14,3.4,0.35,0,34.6,38,19,11.61,1.7,9.91,0,0,0,1.84,29.9,74.67
Sep-14,3,0.29,0,34.3,46,21,8.92,1.38,7.53,0,0,0,1.68,29.58,73.57
Sep-14,3.3,0.24,424.69,31.9,42,20,9.2,1.57,7.63,0,0,0,2.04,30.16,77.76
Sep-14,2.8,0.29,0,32.8,46,20,12.29,2.24,10.05,0,0,0,2.04,30.05,78.25
Oct-14,4.2,0.51,0,48.3,78,38,17.94,1.78,16.16,0,0,0,2.03,26.71,67.09
Oct-14,3.8,0.4,0,44.2,90,37,16.07,1.91,14.15,0,0,0,2.09,25.82,68.72
Oct-14,3.6,0.37,0,45.3,88,37,17.04,2.26,14.77,0,0,0,2.24,26.58,73.38
Oct-14,4,0.37,430.21,42,79,38,15.24,1.88,13.36,0,0,0,2.38,27.05,71.04
Nov-14,3.8,0.46,0,33.1,89,39,20.04,3.29,16.75,0,0,0,2,23.58,72.44
Nov-14,4,0.41,434.95,33,77,39,16.66,2.79,13.87,0,0,0,2.41,25.16,73.54
Nov-14,3.5,0.44,0,34.7,89,37,19.81,3.3,16.51,0,0,0,2.22,24.07,76.86
Nov-14,4.1,0.59,0,36.5,75,36,22.06,2.76,19.3,0,0,0,2.05,24.45,71.55
Dec-14,3.7,0.51,0,22.8,88,41,24.51,4.69,19.82,0,0,0,2.41,17.58,71.27
Dec-14,3.8,0.47,431.26,21.4,83,43,22.06,3.77,18.29,0,0,0,3.19,19.79,71.6
Dec-14,3.7,0.49,0,25.1,94,39,23.71,5.07,18.63,0,0,0,2.8,18.01,74.17
Dec-14,4.1,0.64,0,23.4,79,39,27.6,4.23,23.37,0,0,0,2.51,18.41,69.98
Jan-15,3.7,0.65,0,30.8,83,43,24.5,3,21.5,0,0,0,2.32,18.21,68.3
Jan-15,3.4,0.51,0,28.2,92,46,22.1,3.67,18.42,0,0,0,2.24,17.54,69.29
Jan-15,3.7,0.47,0,27.8,82,49,19.81,2.95,16.86,0,0,0,2.85,18.41,69.9
Jan-15,3.4,0.48,0,32,95,43,21.44,4.1,17.35,0,0,0,2.52,17.77,74.34
Feb-15,3.3,0.61,0,33.4,78,39,21.3,2.55,18.75,0,0,0,2.33,19.74,70.07
Feb-15,2.8,0.46,0,34.3,84,36,18.48,3.59,14.89,0,0,0,2.55,18.96,75.72
Feb-15,3.3,0.46,0,30.8,83,45,17.47,2.61,14.86,0,0,0,2.83,0,72.47
Feb-15,2.9,0.49,0,30.3,87,40,19.17,3.09,16.08,0,0,0,2.25,18.8,71.12
Mar-15,3.7,0.44,422.5,28.1,66,38,17.97,2.41,15.56,0,0,0,2.82,22.3,74.69
Mar-15,3.3,0.46,0,30.7,74,29,19.91,3.53,16.38,0,0,0,2.62,21.95,76.41
Mar-15,3.7,0.58,0,31.2,63,30,21.36,2.32,19.04,0,0,0,2.33,22.42,71.62
Mar-15,3.2,0.47,0,28.6,74,33,18.46,2.61,15.85,0,0,0,2.17,21.67,72.73
Apr-15,2.9,0.34,0,32.7,57,21,14.63,2.58,12.05,0,0,0,2.63,25.3,74
Apr-15,3,0.35,0,32.1,60,22,15.28,1.92,13.36,0,0,0,2.27,24.99,68.58
Apr-15,3.2,0.42,0,35.7,50,20,14.34,1.32,13.01,0,0,0,2.3,25.79,68.89
Apr-15,3.3,0.32,416.23,31.7,49,25,13.62,1.9,11.72,0,0,0,2.96,24.86,73.07
May-15,2.3,0.29,0,24.5,43,16,10.49,1.76,8.73,0,0,0,1.78,28.14,74.17
May-15,2.4,0.23,417.05,22.9,34,16,10.45,1.75,8.7,0,0,0,2.24,27.19,77.59
May-15,2.4,0.3,0,23,41,15,13.12,2.55,10.58,0,0,0,2.18,28.33,80.18
May-15,2.8,0.34,0,26.4,31,13,11.34,1.43,9.91,0,0,0,1.96,28.57,75.24
Jun-15,2.7,0.16,417.81,17.9,26,9,9.44,1.84,7.61,0,0,0,2.5,29.72,71.97
Jun-15,2.8,0.21,0,18.1,31,8,10.45,2.36,8.09,1.873,0.167,1.71,2.44,31.28,72.12
Jun-15,3,0.23,0,18.6,24,7,8.42,1.52,6.89,1.864,0.095,1.77,2.12,30.32,68.67
Jun-15,2.6,0.22,0,18.6,32,9,8.07,1.77,6.3,1.996,0.067,1.93,1.92,30.63,69.73
Jul-15,2.1,0.19,409.69,25.7,29,13,7.94,1.35,6.58,0,0,0,2.67,29.17,78.91
Jul-15,2.2,0.23,0,26.6,35,13,7.75,1.36,6.39,1.977,0.06,1.92,2.08,29.44,74.22
Jul-15,2.5,0.24,0,25.4,34,12,10.6,2.24,8.36,1.876,0.155,1.72,2.51,29.64,77.93
Jul-15,2.6,0.29,0,26.1,30,12,9.52,1.64,7.87,1.973,0.117,1.86,2.18,28.98,73.74
Aug-15,2.8,0.27,0,22.3,35,12,13.67,3.25,10.43,1.929,0.212,1.72,2.13,28.99,81.38
Aug-15,2.4,0.19,412.15,23.4,29,13,8.25,1.69,6.55,0,0,0,2.8,28.61,81.23
Aug-15,2.8,0.34,0,23.8,27,11,12.04,2.36,9.68,2.023,0.141,1.88,2.07,28.42,75.4
Aug-15,2.6,0.25,0,23.4,34,12,8.76,1.73,7.02,2.104,0.084,2.02,2.01,28.83,78.2
Sep-15,2.9,0.34,0,39.3,46,22,11.41,1.39,10.01,2.167,0.093,2.07,1.92,28.61,74.27
Sep-15,3.4,0.43,0,43,40,20,12.93,1.57,11.35,2.14,0.157,1.98,2.15,28.44,70.41
Sep-15,2.6,0.29,414.02,39.2,43,24,10.01,1.28,8.73,0,0,0,2.38,28.53,78.29
Sep-15,2.8,0.33,0,40.3,45,22,12.9,1.7,11.23,1.954,0.153,1.8,2.26,29.2,77.93
Oct-15,2.9,0.4,0,36.5,67,28,14.01,1.92,12.09,2.143,0.106,2.04,1.83,26.92,76.66
Oct-15,3.7,0.49,0,41.2,52,28,16.63,1.82,14.81,2.211,0.182,2.03,1.96,26.82,72.54
Oct-15,3.2,0.39,0,38.9,57,29,15.21,1.74,13.5,2.001,0.155,1.85,2.01,27.48,80.24
Oct-15,3.3,0.36,419.91,37.2,61,33,12.41,1.53,10.88,0,0,0,2.08,27.21,79.98
Nov-15,3.5,0.4,428.05,33.4,70,36,15.52,1.96,13.56,0,0,0,2.38,25.79,77.8
Nov-15,3.6,0.45,0,32.4,84,33,18.53,2.77,15.76,2.184,0.137,2.05,2.02,24.86,74.82
Nov-15,3.3,0.4,0,34.6,74,33,16.43,1.76,14.78,2.035,0.162,1.87,2.25,25.64,78.76
Nov-15,3.8,0.55,0,37.2,65,30,19.66,2.12,17.54,2.225,0.208,2.02,2.14,25.13,70.77
Dec-15,3.8,0.45,427.57,25.1,69,38,20.23,2.79,17.45,0,0,0,3.08,21.78,76.33
Dec-15,3.6,0.61,0,28.1,66,33,23.62,3.4,20.22,2.236,0.218,2.02,2.52,20.84,71.5
Dec-15,3.2,0.45,0,28,75,32,18.2,2.34,15.95,2.057,0.16,1.9,2.81,21.21,77.93
Dec-15,3.6,0.48,0,25,78,33,22.24,3.99,18.24,2.14,0.132,2.01,2.49,20.32,75.42
Jan-16,3.1,0.63,0,22.3,55,36,25.04,4.23,20.81,2.178,0.222,1.96,2.69,17.42,73.29
Jan-16,2.6,0.48,0,23,58,33,18.3,2.76,15.55,2.009,0.161,1.85,2.87,17.89,80.39
Jan-16,2.8,0.49,0,21.9,61,32,22.94,4.34,18.6,2.144,0.129,2.02,2.56,17.47,81.67
Jan-16,3,0.46,430.17,21.5,54,32,19.54,2.74,16.8,0,0,0,3.38,18.69,79.65
Feb-16,3,0.58,0,29,65,34,21.59,2.84,18.76,2.115,0.18,1.94,2.69,17.29,70.75
Feb-16,3.1,0.43,432.93,27.2,63,38,17.1,2.04,15.05,0,0,0,3.46,17.17,74.29
Feb-16,2.7,0.45,0,28.8,70,37,16.63,2.25,14.39,1.951,0.133,1.82,2.87,17.81,72.03
Feb-16,3,0.47,0,28.6,74,37,19.74,2.84,16.9,2.162,0.111,2.05,2.61,17.12,74.49
Mar-16,3.3,0.63,0,29.1,63,44,25.91,3.37,22.54,2.21,0.25,1.96,2.2,19.65,73.24
Mar-16,3.2,0.43,433.83,27.2,62,38,18.72,2.28,16.43,0,0,0,2.63,19.22,77.81
Mar-16,3.1,0.46,0,28.3,67,42,20.38,3.1,17.28,2.09,0.2,1.9,2.3,20.06,75.53
Mar-16,3,0.47,0,28.2,73,39,22.3,3.23,19.06,2.25,0.14,2.11,2.07,19.38,77.93
Apr-16,3,0.41,0,29.1,60,33,13.98,1.99,11.99,2.188,0.105,2.08,1.74,25.97,75.58
Apr-16,3.2,0.46,0,31.4,45,31,15.68,1.79,13.87,2.112,0.183,1.93,1.95,26.21,71.98
Apr-16,3.1,0.35,429.49,28.9,51,30,12.26,1.38,10.87,0,0,0,2.18,25.6,78.15
Apr-16,3.2,0.42,0,29.8,55,32,12.65,2.02,10.63,2.017,0.2,1.82,2.18,26.56,74.95
May-16,2.9,0.27,425.3,27.1,38,19,11.22,1.5,9.7,0,0,0,2.39,27.6,77.46
May-16,2.6,0.33,0,26.9,43,21,10.83,2.07,8.75,1.942,0.167,1.78,2.51,28.74,73.29
May-16,3.2,0.34,0,28.6,38,20,13.11,1.58,11.53,2.025,0.15,1.87,2.01,28.18,70.87
May-16,2.9,0.32,0,26.4,48,21,11.59,1.87,9.71,2.098,0.085,2.01,1.86,28.23,73.01
Jun-16,2.3,0.24,0,17.7,28,9,0,0,0,1.872,0.186,1.69,2.87,29.57,76.29
Jun-16,2.8,0.25,0,18.4,22,10,10.1,1.87,8.22,1.928,0.134,1.79,2.15,29.11,73.83
Jun-16,2.4,0.22,0,19.6,29,10,8.22,1.87,6.35,2.01,0.064,1.95,1.77,29.39,74.52
Jun-16,2.2,0.16,413.62,20.1,26,10,8.86,1.72,7.14,0,0,0,2.6,28.51,78.74
Jul-16,2.3,0.15,410.96,23.2,25,12,7.68,2.2,5.49,0,0,0,2.77,29,76.79
Jul-16,2.5,0.2,0,24,30,12,10.14,2.54,7.6,1.825,0.152,1.67,3.04,30.18,73.7
Jul-16,2.6,0.22,0,22.6,25,12,9.12,1.44,7.67,1.902,0.116,1.79,2.3,29.62,70.5
Jul-16,2.2,0.19,0,22.9,28,12,7.67,1.65,6.02,1.997,0.051,1.95,1.93,29.78,72.29
Aug-16,2.8,0.2,413.03,32.3,31,17,7.82,1.26,6.56,0,0,0,2.2,28.55,79.46
Aug-16,2.8,0.28,0,31.2,39,19,12.01,2.59,9.42,1.907,0.194,1.71,2.62,29.61,76.12
Aug-16,2.4,0.27,0,32.7,39,18,8.83,1.39,7.44,2.093,0.066,2.03,1.7,29.33,75.25
Aug-16,2.9,0.27,0,33.3,31,18,10.28,1.46,8.83,1.976,0.147,1.83,2.02,28.86,73.5
Sep-16,2.8,0.32,0,32.7,34,19,12.21,1.94,10.27,1.97,0.16,1.81,2.45,27.64,76.17
Sep-16,2.5,0.27,0,29.7,39,16,10.19,1.78,8.42,1.971,0.066,1.91,2.16,27.78,78.42
Sep-16,2.8,0.23,412.83,31.3,33,17,8.59,1.33,7.26,0,0,0,3.44,27.5,81.37
Sep-16,2.8,0.3,0,29.6,40,17,12.68,2.62,10.06,1.911,0.179,1.73,3.18,28.27,79.35
Oct-16,3.3,0.43,0,33.5,47,28,15.23,1.43,13.8,2.047,0.172,1.87,1.92,27.41,74.59
Oct-16,2.9,0.34,0,29.8,59,27,13.3,1.99,11.31,2.077,0.098,1.98,1.77,27.53,77.68
Oct-16,3.2,0.34,0,30.4,55,28,14.52,2.63,11.88,1.958,0.167,1.79,2.22,27.99,79.56
Oct-16,2.9,0.29,429.08,30.7,53,29,12.1,1.81,10.3,0,0,0,2.25,27.51,79.71
Nov-16,3.1,0.4,0,29.1,73,33,18.76,2.64,16.11,2.131,0.145,1.99,2.07,23.86,75.74
Nov-16,3.3,0.37,430.84,29.6,63,33,17.43,2.35,15.08,0,0,0,2.52,24.54,76.73
Nov-16,3.2,0.4,0,29.7,69,33,19.62,3.35,16.27,2.033,0.163,1.87,2.21,24.4,76.62
Nov-16,3.5,0.51,0,32.8,62,35,20.78,2.25,18.53,2.108,0.2,1.91,2.14,23.96,71.01
Dec-16,3,0.43,0,25.1,82,35,21.59,3.29,18.3,2.117,0.136,1.98,2.29,20.68,75.74
Dec-16,3.3,0.41,432.36,25.4,72,38,20.87,3.04,17.83,0,0,0,2.72,21.47,78.36
Dec-16,2.9,0.43,0,26.2,80,36,21.62,3.81,17.81,2.162,0.161,2,2.37,21.58,76.55
Dec-16,3.3,0.55,0,27.5,72,39,23.86,2.89,20.98,2.121,0.205,1.92,2.32,20.45,71.72
Jan-17,2.8,0.42,0,28.4,78,33,18.1,2.86,15.24,2.117,0.126,1.99,2.48,19.66,76.25
Jan-17,3.3,0.43,430.03,25.9,72,36,19.11,3.15,15.96,0,0,0,2.85,20.55,77.63
Jan-17,3.2,0.54,0,29.7,72,38,21.71,2.84,18.87,2.087,0.176,1.91,2.38,18.91,71.62
Jan-17,3,0.43,0,26.4,80,35,19.57,2.88,16.68,2.107,0.11,2,2.36,19.15,75.86
Feb-17,2.8,0.42,0,29.6,85,38,17.69,2.33,15.36,2.096,0.107,1.99,2.47,18.2,72.9
Feb-17,2.8,0.52,0,32,71,39,19.27,1.95,17.34,2.041,0.172,1.87,2.46,18.02,67.45
Feb-17,2.6,0,427.94,27.9,73,37,16.99,2.59,14.4,0,0,0,3.08,19.88,75.03
Feb-17,2.6,0.42,0,30.9,81,34,17.48,2.8,14.68,2.14,0.143,2,2.6,18.95,72.19
Mar-17,3.3,0.44,0,39.1,78,37,18.34,2.42,15.91,2.178,0.136,2.04,2.59,21.84,71.96
Mar-17,3,0.46,432.73,33.7,70,38,16.65,2.07,14.57,0,0,0,2.93,22.98,73.05
Mar-17,3.1,0.44,0,34,83,38,18.71,2.18,16.54,2.149,0.118,2.03,2.33,21.07,72.2
Mar-17,3.1,0.54,0,40.2,68,38,19.54,1.82,17.75,2.061,0.177,1.88,2.31,21.36,66.28
Apr-17,2.9,0.42,0,40.8,48,26,15.24,2.12,13.12,2.04,0.143,1.9,2.08,25.15,66.01
Apr-17,2.7,0.37,0,34.3,61,30,14.44,1.55,12.89,2.156,0.105,2.05,1.89,24.16,70.91
Apr-17,2.7,0.37,0,38.8,55,26,14.82,1.93,12.9,2.132,0.138,1.99,2.36,24.89,71.62
Apr-17,3,0.33,428.17,33.6,51,26,13.43,1.82,11.61,0,0,0,2.39,24.54,72.01
May-17,3.2,0.26,429.53,30.9,44,22,10.88,1.63,9.25,0,0,0,2.1,27.17,72.06
May-17,2.9,0.31,0,31.2,56,24,12.08,1.56,10.52,2.018,0.085,1.93,1.77,27.16,73.23
May-17,3.2,0.35,0,39.8,42,22,11.69,1.12,10.56,1.977,0.129,1.85,1.98,28.35,67.77
May-17,2.6,0.31,0,36.9,49,22,12.86,2.3,10.57,2.089,0.121,1.97,2.31,28.03,74.13
Jun-17,2.4,0.22,0,17.1,30,9,11.59,2.85,8.74,2.005,0.173,1.83,2.87,29.54,77.62
Jun-17,2.6,0.23,0,17.6,23,9,8.63,1.56,7.08,1.851,0.104,1.75,2.18,29.88,72.33
Jun-17,2.2,0.21,0,17.4,30,10,8.34,1.8,6.54,1.889,0.07,1.82,1.74,28.97,74.89
Jun-17,2.2,0.13,418.28,16.8,25,8,8.45,1.96,6.48,0,0,0,2.71,28.42,74.14
Jul-17,3.1,0.17,425.91,24.5,28,13,8.01,1.52,6.48,0,0,0,2.35,28.51,77.87
Jul-17,2.8,0.24,0,24.7,34,13,12.77,2.77,9.99,2.038,0.156,1.88,2.45,29.72,76.21
Jul-17,2.8,0.27,0,26.9,29,13,11,1.63,9.35,1.889,0.117,1.77,2.1,30.26,69.92
Jul-17,2.6,0.22,0,25.1,36,14,8.85,1.69,7.16,2.06,0.073,1.99,1.62,29.06,74.84
Aug-17,2.3,0.18,421.06,20.3,30,12,8.17,1.69,6.47,0,0,0,2.19,29.65,85.79
Aug-17,1.4,0.23,0,22.7,35,13,11.35,2.55,8.8,2.058,0.172,1.89,2.43,30.86,76.39
Aug-17,2.3,0.23,0,20.8,36,13,7.78,1.37,6.4,2.153,0.065,2.09,1.67,30.18,70.46
Aug-17,2.7,0.25,0,21.8,29,13,8.97,1.02,7.97,1.862,0.111,1.75,1.98,30.78,70.51
Sep-17,3.3,0.32,0,34.4,36,19,11.52,1.58,9.93,1.951,0.131,1.82,1.94,30.16,73.02
Sep-17,3,0.28,0,31.9,46,23,10.25,1.15,9.07,2.136,0.084,2.05,1.74,29.91,72.86
Sep-17,2.8,0.22,426.37,29.5,42,21,10.16,2.38,7.78,0,0,0,2.13,29.86,81.75
Sep-17,2.3,0.28,0,35.4,43,21,12.32,1.98,10.33,2.098,0.142,1.96,2.35,30.57,73
Oct-17,3.1,0.4,0,38.1,58,24,15.48,2.4,13.08,2.031,0.148,1.88,2.1,26.99,75.83
Oct-17,2.7,0.32,0,34.8,66,24,12.62,1.41,11.18,2.141,0.091,2.05,2.21,26.71,74.93
Oct-17,2.7,0.34,0,39.4,67,25,14.68,2.06,12.61,2.122,0.13,1.99,2.46,27.42,72.16
Oct-17,2.8,0.29,430.38,34.3,63,24,11.58,1.76,9.81,0,0,0,2.58,26.97,81.33
Nov-17,2.7,0.37,0,26.6,84,27,16.9,1.75,15.13,2.164,0.114,2.05,2.31,23.57,79.43
Nov-17,2.8,0.34,430.19,26.2,71,30,15.44,2.19,13.25,0,0,0,2.83,24.35,82.98
Nov-17,2.7,0.37,0,32.2,74,28,15.75,1.9,13.85,2.135,0.117,2.02,2.51,24.28,77.36
Nov-17,2.7,0.46,0,30.4,69,29,18.06,2.65,15.41,2.079,0.165,1.91,2.21,23.76,81.21
Dec-17,2.9,0.41,0,26.3,89,32,19.63,2.18,17.43,2.029,0.131,1.9,2.49,18.89,76.15
Dec-17,3.2,0.38,433.66,25.5,69,31,17.76,2.42,15.33,0,0,0,3.19,19.87,75.53
Dec-17,3,0.41,0,31.1,81,30,18.44,2.36,16.07,2.14,0.128,2.01,2.72,19.64,72.93
Dec-17,2.8,0.48,0,28.8,77,32,20.47,3.11,17.35,2.08,0.172,1.91,2.44,19.03,78.07
Jan-18,2.8,0.4,437,21.6,54,30,18.29,2.73,15.56,0,0,0,3.06,18.84,78.96
Jan-18,2.4,0.42,0,26.1,66,30,19.14,2.94,16.2,2.139,0.128,2.01,2.59,18.68,76.68
Jan-18,2.4,0.5,0,26.1,65,30,20.82,3.54,17.28,2.068,0.175,1.89,2.47,18.11,79.63
Jan-18,2.5,0.41,0,22.4,74,28,19.59,2.55,17.03,1.961,0.116,1.85,2.45,18,78.62
Feb-18,2.2,0.45,0,26.7,83,37,18.59,1.85,16.72,2.073,0.115,1.96,2.54,17.37,78.37
Feb-18,2.4,0.54,0,30.2,68,36,20.22,2.69,17.52,2.117,0.165,1.95,2.6,17.65,77.51
Feb-18,2.4,0.44,0,29.4,77,35,17.69,2.06,15.62,2.13,0.115,2.02,2.75,18.17,74.82
Feb-18,2.6,0.42,438.23,25.3,69,35,16.87,2.07,14.81,0,0,0,3.25,18.11,75.84
Mar-18,2.9,0.35,434.17,31.2,64,31,14.2,1.89,12.3,0,0,0,2.56,22.73,73.44
Mar-18,2.9,0.47,0,39.1,60,33,19.05,2.64,16.41,2.136,0.166,1.97,2.09,22.48,70.7
Mar-18,2.7,0.4,0,33.1,81,34,16.54,1.76,14.76,2.297,0.119,2.18,2.12,21.92,72.83
Mar-18,2.8,0.4,0,35.5,68,35,18.31,2.96,15.34,2.195,0.155,2.04,2.48,22.7,68.23
Apr-18,2.9,0.37,0,43.3,56,25,12.93,2,10.93,2.007,0.111,1.9,2.13,25.73,69.07
Apr-18,2.7,0.34,0,34.2,71,29,12.44,0.77,11.63,2.145,0.083,2.06,1.91,25.39,70.34
Apr-18,2.6,0.33,0,38.4,71,27,12.63,1.71,10.91,2.101,0.113,1.99,2.44,26.06,66.96
Apr-18,3,0.31,432.2,31,63,28,11.53,1.51,10.01,0,0,0,2.3,25.64,72.92
May-18,2.6,0.22,427.61,21.3,39,17,10.12,1.8,8.32,0,0,0,2.34,28.89,75.92
May-18,2,0.25,0,27,45,15,10.7,2.29,8.4,2.022,0.122,1.9,2.54,29.6,70.76
May-18,2.8,0.25,0,28.2,36,15,9.99,2.03,7.95,1.883,0.082,1.8,2.19,28.98,73.7
May-18,2.7,0.26,0,23.2,47,18,10.33,1.24,9.07,2.054,0.073,1.98,1.84,29.17,71.83
Jun-18,2.6,0.27,0,30.2,44,14,12.05,2.61,9.43,2.076,0.168,1.91,2.71,29.49,76.26
Jun-18,2.6,0.29,0,30,33,13,11.35,2.28,9.07,1.909,0.105,1.8,2.34,28.94,78.35
Jun-18,2.5,0.24,0,26.6,47,17,8.39,0.95,7.42,2.022,0.071,1.95,1.87,29.02,76.65
Jun-18,2.6,0.2,427.46,25.4,39,12,8.42,1.72,6.7,0,0,0,2.41,28.72,80.38
Jul-18,2.1,0.2,0,22.5,36,17,6.84,1,5.81,2.019,0.055,1.97,1.68,29.28,78.08
Jul-18,2.3,0.22,0,24.1,34,12,11.27,2.67,8.61,2.05,0.178,1.87,2.5,29.65,77.28
Jul-18,2.5,0.15,423.27,21.4,32,10,6.67,1.61,5.06,0,0,0,2.17,28.66,82.1
Jul-18,2.4,0.25,0,24.5,28,12,10.12,2.18,7.95,1.87,0.097,1.77,2.06,29.2,78.8
Aug-18,2.4,0.28,0,23.8,28,10,13.04,3.14,9.9,2.17,0.241,1.93,2.79,28.35,82.78
Aug-18,2.1,0.18,415.78,23,25,7,7.43,1.87,5.56,0,0,0,2.58,27.62,84.98
Aug-18,2.1,0.28,0,23.9,25,9,11,2.67,8.33,1.931,0.104,1.83,2.09,27.81,84.96
Aug-18,2,0.23,0,24.4,27,14,6.27,1.12,5.13,2.095,0.055,2.04,1.77,28.35,80.56
Sep-18,2.4,0.27,0,33.3,48,18,11.26,1.8,9.44,2.117,0.118,2,2.4,29.03,74.9
Sep-18,2.4,0.26,0,29.8,50,22,9.03,1.05,7.97,2.059,0.068,1.99,1.95,28.76,76.25
Sep-18,2.6,0.32,0,32.7,47,18,11.04,1.92,9.12,1.975,0.112,1.86,2.1,28.93,76.34
Sep-18,2.4,0.22,424.92,28.4,42,16,9.17,1.63,7.54,0,0,0,2.4,28.35,79.68
Oct-18,3,0.38,0,48.6,77,29,15.19,1.97,13.22,2.239,0.121,2.12,2.33,25.63,70.42
Oct-18,3.1,0.37,0,39.6,71,34,14.17,1.33,12.82,2.135,0.102,2.03,2.08,25.27,73.99
Oct-18,3.4,0.34,431.55,39.8,69,30,13.5,1.44,12.05,0,0,0,2.54,25.54,75.87
Oct-18,3.5,0.44,0,47.2,68,30,16.29,1.99,14.29,2.124,0.152,1.97,2.25,25.85,72.38
Nov-18,3,0.35,436.85,26.6,68,32,15.73,2.23,13.49,0,0,0,2.32,24.06,82.03
Nov-18,2.9,0.39,0,26.1,69,38,16.67,1.87,14.79,2.172,0.126,2.05,1.9,23.69,80.14
Nov-18,3,0.39,0,34.3,74,31,17.96,2.59,15.37,2.248,0.141,2.11,2.13,24.07,78.54
Nov-18,3.3,0.48,0,32.9,69,31,19.72,2.49,17.24,2.143,0.174,1.97,2.09,24.42,78.47
